timestamp, utilization.gpu [%], utilization.memory [%], memory.used [MiB], power.draw [W]
2026/09/21 03:54:44.905, 0 %, 0 %, 51849 MiB, 96.58 W
2026/09/21 03:54:45.913, 0 %, 0 %, 51849 MiB, 96.47 W
2026/09/21 03:54:46.914, 1 %, 0 %, 52163 MiB, 96.60 W
2026/09/21 03:54:47.915, 14 %, 15 %, 55575 MiB, 287.70 W
2026/09/21 03:54:49.223, 0 %, 0 %, 55575 MiB, 96.71 W
2026/09/21 03:54:50.224, 0 %, 0 %, 55575 MiB, 97.07 W
2026/09/21 03:54:51.225, 30 %, 32 %, 55575 MiB, 286.63 W
2026/09/21 03:54:52.226, 0 %, 0 %, 55575 MiB, 97.14 W
2026/09/21 03:54:53.227, 38 %, 41 %, 55575 MiB, 193.76 W
2026/09/21 03:54:54.228, 59 %, 63 %, 55575 MiB, 308.35 W
2026/09/21 03:54:55.230, 40 %, 44 %, 55575 MiB, 97.49 W
2026/09/21 03:54:56.241, 40 %, 43 %, 55575 MiB, 217.68 W
2026/09/21 03:54:57.243, 100 %, 32 %, 62143 MiB, 300.65 W
2026/09/21 03:54:58.244, 100 %, 38 %, 62143 MiB, 311.13 W
2026/09/21 03:54:59.245, 100 %, 32 %, 62145 MiB, 245.25 W
2026/09/21 03:55:00.246, 100 %, 45 %, 62145 MiB, 327.39 W
2026/09/21 03:55:01.247, 100 %, 42 %, 62145 MiB, 300.23 W
2026/09/21 03:55:02.248, 100 %, 32 %, 62145 MiB, 320.17 W
2026/09/21 03:55:03.249, 100 %, 45 %, 62145 MiB, 274.52 W
2026/09/21 03:55:04.251, 100 %, 39 %, 62147 MiB, 269.77 W
2026/09/21 03:55:05.252, 100 %, 36 %, 62147 MiB, 306.68 W
2026/09/21 03:55:06.253, 100 %, 37 %, 62147 MiB, 320.62 W
2026/09/21 03:55:07.254, 98 %, 52 %, 62149 MiB, 246.49 W
2026/09/21 03:55:08.255, 0 %, 0 %, 62149 MiB, 99.25 W
2026/09/21 03:55:09.256, 100 %, 42 %, 62149 MiB, 291.73 W
2026/09/21 03:55:10.257, 100 %, 39 %, 62149 MiB, 300.53 W
2026/09/21 03:55:11.258, 100 %, 37 %, 62149 MiB, 319.41 W
2026/09/21 03:55:12.259, 100 %, 41 %, 62149 MiB, 309.97 W
2026/09/21 03:55:13.260, 100 %, 33 %, 62149 MiB, 271.80 W
2026/09/21 03:55:14.261, 100 %, 41 %, 62149 MiB, 253.57 W
2026/09/21 03:55:15.262, 100 %, 44 %, 62149 MiB, 331.42 W
2026/09/21 03:55:16.292, 100 %, 31 %, 62149 MiB, 299.94 W
2026/09/21 03:55:17.293, 100 %, 40 %, 62149 MiB, 313.48 W
2026/09/21 03:55:18.294, 100 %, 45 %, 62149 MiB, 260.05 W
2026/09/21 03:55:19.295, 0 %, 0 %, 62149 MiB, 101.02 W
2026/09/21 03:55:20.296, 100 %, 37 %, 62149 MiB, 289.61 W
2026/09/21 03:55:21.296, 100 %, 41 %, 62149 MiB, 330.63 W
2026/09/21 03:55:22.485, 100 %, 39 %, 62149 MiB, 291.35 W
2026/09/21 03:55:23.486, 100 %, 41 %, 62149 MiB, 312.46 W
2026/09/21 03:55:24.486, 100 %, 42 %, 62149 MiB, 253.76 W
2026/09/21 03:55:25.487, 100 %, 32 %, 62149 MiB, 323.74 W
2026/09/21 03:55:26.488, 100 %, 39 %, 62149 MiB, 295.02 W
2026/09/21 03:55:27.489, 100 %, 45 %, 62149 MiB, 274.70 W
2026/09/21 03:55:28.665, 100 %, 39 %, 62149 MiB, 314.60 W
2026/09/21 03:55:29.666, 100 %, 31 %, 62149 MiB, 182.24 W
2026/09/21 03:55:30.667, 55 %, 29 %, 62149 MiB, 102.78 W
2026/09/21 03:55:31.668, 100 %, 35 %, 62149 MiB, 291.35 W
2026/09/21 03:55:32.669, 100 %, 37 %, 62149 MiB, 289.80 W
2026/09/21 03:55:33.670, 100 %, 41 %, 62149 MiB, 320.85 W
2026/09/21 03:55:34.863, 100 %, 31 %, 62149 MiB, 274.20 W
2026/09/21 03:55:35.866, 100 %, 38 %, 62149 MiB, 311.98 W
2026/09/21 03:55:36.868, 100 %, 40 %, 62149 MiB, 233.23 W
2026/09/21 03:55:37.869, 100 %, 32 %, 62149 MiB, 342.36 W
2026/09/21 03:55:38.870, 100 %, 42 %, 62149 MiB, 284.20 W
2026/09/21 03:55:39.871, 100 %, 41 %, 62149 MiB, 242.82 W
2026/09/21 03:55:41.085, 97 %, 38 %, 62149 MiB, 215.04 W
2026/09/21 03:55:42.086, 91 %, 49 %, 62149 MiB, 245.76 W
2026/09/21 03:55:43.087, 100 %, 41 %, 65341 MiB, 258.70 W
2026/09/21 03:55:44.088, 100 %, 44 %, 65341 MiB, 321.50 W
2026/09/21 03:55:45.089, 100 %, 31 %, 65341 MiB, 285.43 W
2026/09/21 03:55:46.090, 100 %, 40 %, 65341 MiB, 312.84 W
2026/09/21 03:55:47.092, 100 %, 31 %, 65341 MiB, 260.33 W
2026/09/21 03:55:48.093, 100 %, 40 %, 65341 MiB, 297.05 W
2026/09/21 03:55:49.094, 100 %, 36 %, 65341 MiB, 267.74 W
2026/09/21 03:55:50.095, 100 %, 40 %, 65341 MiB, 322.11 W
2026/09/21 03:55:51.096, 100 %, 39 %, 65341 MiB, 326.19 W
2026/09/21 03:55:52.096, 100 %, 29 %, 65341 MiB, 300.22 W
2026/09/21 03:55:53.097, 97 %, 52 %, 65341 MiB, 248.49 W
2026/09/21 03:55:54.098, 0 %, 0 %, 65341 MiB, 104.72 W
2026/09/21 03:55:55.099, 100 %, 44 %, 65341 MiB, 342.43 W
2026/09/21 03:55:56.100, 100 %, 36 %, 65341 MiB, 319.69 W
2026/09/21 03:55:57.167, 100 %, 34 %, 65341 MiB, 296.41 W
2026/09/21 03:55:58.169, 100 %, 41 %, 65341 MiB, 307.75 W
2026/09/21 03:55:59.170, 100 %, 35 %, 65341 MiB, 292.49 W
2026/09/21 03:56:00.171, 100 %, 41 %, 65341 MiB, 324.21 W
2026/09/21 03:56:01.172, 100 %, 44 %, 65341 MiB, 252.38 W
2026/09/21 03:56:02.173, 100 %, 31 %, 65341 MiB, 315.74 W
2026/09/21 03:56:03.174, 100 %, 42 %, 65341 MiB, 324.59 W
2026/09/21 03:56:04.174, 100 %, 40 %, 65341 MiB, 277.90 W
2026/09/21 03:56:05.175, 77 %, 41 %, 65341 MiB, 106.86 W
2026/09/21 03:56:06.176, 100 %, 37 %, 65341 MiB, 258.69 W
2026/09/21 03:56:07.177, 100 %, 31 %, 65341 MiB, 321.82 W
2026/09/21 03:56:08.178, 100 %, 39 %, 65341 MiB, 299.87 W
2026/09/21 03:56:09.179, 100 %, 42 %, 65341 MiB, 303.58 W
2026/09/21 03:56:10.180, 100 %, 31 %, 65341 MiB, 299.83 W
2026/09/21 03:56:11.181, 100 %, 44 %, 65341 MiB, 314.79 W
2026/09/21 03:56:12.182, 100 %, 39 %, 65341 MiB, 287.30 W
2026/09/21 03:56:13.322, 100 %, 36 %, 65341 MiB, 323.64 W
2026/09/21 03:56:14.324, 100 %, 42 %, 65341 MiB, 281.58 W
2026/09/21 03:56:15.326, 100 %, 43 %, 65341 MiB, 328.47 W
2026/09/21 03:56:16.327, 97 %, 52 %, 65341 MiB, 255.78 W
2026/09/21 03:56:17.329, 98 %, 52 %, 65341 MiB, 257.81 W
2026/09/21 03:56:18.330, 0 %, 0 %, 65341 MiB, 104.94 W
2026/09/21 03:56:19.331, 100 %, 30 %, 65341 MiB, 304.26 W
2026/09/21 03:56:20.333, 100 %, 38 %, 65341 MiB, 254.70 W
2026/09/21 03:56:21.334, 100 %, 37 %, 65341 MiB, 334.60 W
2026/09/21 03:56:22.337, 100 %, 42 %, 65341 MiB, 260.27 W
2026/09/21 03:56:23.338, 100 %, 43 %, 65341 MiB, 282.16 W
2026/09/21 03:56:24.339, 100 %, 31 %, 65341 MiB, 309.95 W
2026/09/21 03:56:25.340, 100 %, 38 %, 65341 MiB, 271.14 W
2026/09/21 03:56:26.341, 100 %, 31 %, 65341 MiB, 324.67 W
2026/09/21 03:56:27.343, 100 %, 44 %, 65341 MiB, 286.31 W
2026/09/21 03:56:28.344, 100 %, 39 %, 65341 MiB, 324.85 W
2026/09/21 03:56:29.345, 97 %, 51 %, 65341 MiB, 257.46 W
2026/09/21 03:56:30.346, 0 %, 0 %, 65341 MiB, 105.17 W
2026/09/21 03:56:31.347, 100 %, 44 %, 65341 MiB, 283.02 W
2026/09/21 03:56:32.348, 100 %, 36 %, 65341 MiB, 330.42 W
2026/09/21 03:56:33.404, 100 %, 35 %, 65341 MiB, 299.65 W
2026/09/21 03:56:34.405, 100 %, 40 %, 65341 MiB, 311.87 W
2026/09/21 03:56:35.406, 100 %, 35 %, 65341 MiB, 264.43 W
2026/09/21 03:56:36.407, 100 %, 29 %, 65341 MiB, 231.59 W
2026/09/21 03:56:37.562, 100 %, 40 %, 65341 MiB, 284.10 W
2026/09/21 03:56:38.563, 100 %, 44 %, 65341 MiB, 293.86 W
2026/09/21 03:56:39.564, 100 %, 31 %, 65341 MiB, 306.69 W
2026/09/21 03:56:40.566, 100 %, 31 %, 65341 MiB, 324.02 W
2026/09/21 03:56:41.725, 0 %, 0 %, 65341 MiB, 105.41 W
2026/09/21 03:56:42.727, 100 %, 40 %, 65341 MiB, 343.48 W
2026/09/21 03:56:43.728, 100 %, 43 %, 65341 MiB, 289.81 W
2026/09/21 03:56:44.729, 100 %, 31 %, 65341 MiB, 288.55 W
2026/09/21 03:56:45.878, 100 %, 43 %, 65341 MiB, 320.53 W
2026/09/21 03:56:46.881, 100 %, 31 %, 65341 MiB, 275.47 W
2026/09/21 03:56:47.883, 100 %, 45 %, 65341 MiB, 335.47 W
2026/09/21 03:56:48.884, 100 %, 39 %, 65341 MiB, 243.34 W
2026/09/21 03:56:49.884, 100 %, 38 %, 65341 MiB, 326.80 W
2026/09/21 03:56:50.885, 100 %, 37 %, 65341 MiB, 281.20 W
2026/09/21 03:56:51.886, 100 %, 29 %, 65341 MiB, 325.17 W
2026/09/21 03:56:52.887, 97 %, 51 %, 65341 MiB, 249.31 W
2026/09/21 03:56:53.888, 0 %, 0 %, 65341 MiB, 105.53 W
2026/09/21 03:56:54.889, 85 %, 35 %, 65341 MiB, 281.68 W
2026/09/21 03:56:55.890, 100 %, 31 %, 65341 MiB, 277.89 W
2026/09/21 03:56:56.891, 100 %, 39 %, 65341 MiB, 320.94 W
2026/09/21 03:56:58.219, 100 %, 37 %, 65341 MiB, 287.39 W
2026/09/21 03:56:59.221, 100 %, 38 %, 65341 MiB, 299.45 W
2026/09/21 03:57:00.224, 100 %, 35 %, 65341 MiB, 259.57 W
2026/09/21 03:57:01.227, 100 %, 29 %, 65341 MiB, 238.28 W
2026/09/21 03:57:02.335, 100 %, 37 %, 65341 MiB, 295.98 W
2026/09/21 03:57:03.336, 100 %, 42 %, 65341 MiB, 320.63 W
2026/09/21 03:57:04.337, 100 %, 31 %, 65341 MiB, 291.52 W
2026/09/21 03:57:05.338, 0 %, 0 %, 65341 MiB, 105.89 W
2026/09/21 03:57:06.542, 100 %, 31 %, 65341 MiB, 299.07 W
2026/09/21 03:57:07.548, 100 %, 38 %, 65341 MiB, 303.28 W
2026/09/21 03:57:08.549, 100 %, 31 %, 65341 MiB, 249.47 W
2026/09/21 03:57:09.550, 100 %, 33 %, 65341 MiB, 274.04 W
2026/09/21 03:57:10.746, 100 %, 36 %, 65341 MiB, 313.88 W
2026/09/21 03:57:11.747, 100 %, 34 %, 65341 MiB, 258.84 W
2026/09/21 03:57:12.748, 100 %, 38 %, 65341 MiB, 247.56 W
2026/09/21 03:57:13.749, 100 %, 38 %, 65341 MiB, 275.67 W
2026/09/21 03:57:14.944, 100 %, 39 %, 65341 MiB, 257.36 W
2026/09/21 03:57:15.945, 100 %, 29 %, 65341 MiB, 319.02 W
2026/09/21 03:57:16.947, 0 %, 0 %, 65341 MiB, 105.80 W
2026/09/21 03:57:17.948, 100 %, 40 %, 65341 MiB, 312.28 W
2026/09/21 03:57:19.127, 100 %, 45 %, 65341 MiB, 320.33 W
2026/09/21 03:57:20.129, 100 %, 31 %, 65341 MiB, 247.92 W
2026/09/21 03:57:21.130, 100 %, 44 %, 65341 MiB, 335.01 W
2026/09/21 03:57:22.131, 100 %, 39 %, 65341 MiB, 301.57 W
2026/09/21 03:57:23.318, 100 %, 38 %, 65341 MiB, 291.92 W
2026/09/21 03:57:24.320, 100 %, 41 %, 65341 MiB, 286.13 W
2026/09/21 03:57:25.322, 100 %, 43 %, 65341 MiB, 306.70 W
2026/09/21 03:57:26.326, 100 %, 43 %, 65341 MiB, 320.46 W
2026/09/21 03:57:27.523, 100 %, 31 %, 65341 MiB, 326.41 W
2026/09/21 03:57:28.525, 100 %, 44 %, 65341 MiB, 327.93 W
2026/09/21 03:57:29.526, 100 %, 38 %, 65341 MiB, 281.78 W
2026/09/21 03:57:30.527, 100 %, 37 %, 65341 MiB, 317.41 W
2026/09/21 03:57:31.528, 100 %, 38 %, 65341 MiB, 287.19 W
2026/09/21 03:57:32.529, 100 %, 35 %, 65341 MiB, 267.42 W
2026/09/21 03:57:33.530, 100 %, 40 %, 65341 MiB, 330.25 W
2026/09/21 03:57:34.531, 100 %, 43 %, 65341 MiB, 282.46 W
2026/09/21 03:57:35.532, 100 %, 31 %, 65341 MiB, 323.71 W
2026/09/21 03:57:36.533, 100 %, 45 %, 65341 MiB, 301.75 W
2026/09/21 03:57:37.533, 100 %, 44 %, 65341 MiB, 326.57 W
2026/09/21 03:57:38.633, 0 %, 0 %, 65341 MiB, 106.49 W
2026/09/21 03:57:39.634, 100 %, 40 %, 65341 MiB, 283.52 W
2026/09/21 03:57:40.635, 100 %, 38 %, 65341 MiB, 297.26 W
2026/09/21 03:57:41.636, 100 %, 42 %, 65341 MiB, 319.18 W
2026/09/21 03:57:42.637, 100 %, 44 %, 65341 MiB, 294.73 W
2026/09/21 03:57:43.638, 100 %, 30 %, 65341 MiB, 291.36 W
2026/09/21 03:57:44.639, 100 %, 40 %, 65341 MiB, 275.00 W
2026/09/21 03:57:45.640, 100 %, 41 %, 65341 MiB, 278.47 W
2026/09/21 03:57:46.964, 100 %, 31 %, 65341 MiB, 325.44 W
2026/09/21 03:57:47.965, 100 %, 38 %, 65341 MiB, 284.40 W
2026/09/21 03:57:48.966, 100 %, 35 %, 65341 MiB, 318.22 W
2026/09/21 03:57:49.967, 0 %, 0 %, 65341 MiB, 106.18 W
2026/09/21 03:57:51.176, 100 %, 41 %, 65341 MiB, 273.26 W
2026/09/21 03:57:52.178, 100 %, 41 %, 65341 MiB, 322.17 W
2026/09/21 03:57:53.178, 100 %, 39 %, 65341 MiB, 295.88 W
2026/09/21 03:57:54.179, 100 %, 31 %, 65341 MiB, 316.74 W
2026/09/21 03:57:55.384, 100 %, 43 %, 65341 MiB, 316.03 W
2026/09/21 03:57:56.384, 100 %, 38 %, 65341 MiB, 308.61 W
2026/09/21 03:57:57.385, 100 %, 37 %, 65341 MiB, 299.22 W
2026/09/21 03:57:58.386, 100 %, 38 %, 65341 MiB, 273.55 W
2026/09/21 03:57:59.579, 100 %, 31 %, 65341 MiB, 317.64 W
2026/09/21 03:58:00.582, 100 %, 39 %, 65341 MiB, 270.06 W
2026/09/21 03:58:01.582, 97 %, 51 %, 65341 MiB, 254.48 W
2026/09/21 03:58:02.583, 0 %, 0 %, 65341 MiB, 106.38 W
2026/09/21 03:58:03.768, 100 %, 36 %, 65341 MiB, 239.84 W
2026/09/21 03:58:04.769, 100 %, 33 %, 65341 MiB, 332.34 W
2026/09/21 03:58:05.770, 100 %, 40 %, 65341 MiB, 344.86 W
2026/09/21 03:58:06.770, 100 %, 36 %, 65341 MiB, 283.91 W
2026/09/21 03:58:07.993, 100 %, 43 %, 65341 MiB, 271.89 W
2026/09/21 03:58:08.995, 100 %, 29 %, 65341 MiB, 328.65 W
2026/09/21 03:58:09.996, 100 %, 44 %, 65341 MiB, 272.16 W
2026/09/21 03:58:10.997, 100 %, 40 %, 65341 MiB, 271.81 W
2026/09/21 03:58:12.228, 100 %, 37 %, 65341 MiB, 323.29 W
2026/09/21 03:58:13.229, 100 %, 40 %, 65341 MiB, 295.59 W
2026/09/21 03:58:14.230, 0 %, 0 %, 65341 MiB, 106.39 W
2026/09/21 03:58:15.231, 100 %, 43 %, 65341 MiB, 323.87 W
2026/09/21 03:58:16.232, 100 %, 39 %, 65341 MiB, 288.13 W
2026/09/21 03:58:17.233, 100 %, 37 %, 65341 MiB, 308.09 W
2026/09/21 03:58:18.235, 100 %, 39 %, 65341 MiB, 299.84 W
2026/09/21 03:58:19.236, 100 %, 30 %, 65341 MiB, 309.48 W
2026/09/21 03:58:20.237, 100 %, 39 %, 65341 MiB, 232.02 W
2026/09/21 03:58:21.238, 100 %, 44 %, 65341 MiB, 338.48 W
2026/09/21 03:58:22.239, 100 %, 31 %, 65341 MiB, 316.32 W
2026/09/21 03:58:23.285, 100 %, 43 %, 65341 MiB, 342.15 W
2026/09/21 03:58:24.286, 100 %, 39 %, 65341 MiB, 307.84 W
2026/09/21 03:58:25.287, 97 %, 52 %, 65341 MiB, 248.73 W
2026/09/21 03:58:26.288, 97 %, 51 %, 65341 MiB, 258.72 W
2026/09/21 03:58:27.519, 0 %, 0 %, 65341 MiB, 106.24 W
2026/09/21 03:58:28.522, 100 %, 37 %, 65341 MiB, 296.06 W
2026/09/21 03:58:29.524, 100 %, 32 %, 65341 MiB, 320.15 W
2026/09/21 03:58:30.525, 100 %, 29 %, 65341 MiB, 314.00 W
2026/09/21 03:58:31.724, 100 %, 39 %, 65341 MiB, 285.56 W
2026/09/21 03:58:32.725, 100 %, 38 %, 65341 MiB, 306.87 W
2026/09/21 03:58:33.726, 100 %, 31 %, 65341 MiB, 272.97 W
2026/09/21 03:58:34.727, 100 %, 36 %, 65341 MiB, 288.93 W
2026/09/21 03:58:35.923, 100 %, 37 %, 65341 MiB, 316.28 W
2026/09/21 03:58:36.924, 100 %, 33 %, 65341 MiB, 239.58 W
2026/09/21 03:58:37.925, 100 %, 39 %, 65341 MiB, 329.94 W
2026/09/21 03:58:38.927, 0 %, 0 %, 65341 MiB, 106.51 W
2026/09/21 03:58:39.928, 100 %, 37 %, 65341 MiB, 273.95 W
2026/09/21 03:58:40.929, 100 %, 38 %, 65341 MiB, 295.80 W
2026/09/21 03:58:41.930, 100 %, 31 %, 65341 MiB, 319.11 W
2026/09/21 03:58:42.931, 100 %, 43 %, 65341 MiB, 332.54 W
2026/09/21 03:58:43.932, 100 %, 37 %, 65341 MiB, 323.87 W
2026/09/21 03:58:44.933, 100 %, 36 %, 65341 MiB, 298.58 W
2026/09/21 03:58:45.934, 100 %, 39 %, 65341 MiB, 281.10 W
2026/09/21 03:58:47.147, 100 %, 30 %, 65341 MiB, 306.98 W
2026/09/21 03:58:48.151, 100 %, 35 %, 65341 MiB, 286.12 W
2026/09/21 03:58:49.154, 100 %, 43 %, 65341 MiB, 317.64 W
2026/09/21 03:58:50.155, 0 %, 0 %, 65341 MiB, 106.70 W
2026/09/21 03:58:51.156, 100 %, 44 %, 65341 MiB, 321.98 W
2026/09/21 03:58:52.157, 100 %, 39 %, 65341 MiB, 264.36 W
2026/09/21 03:58:53.158, 100 %, 38 %, 65341 MiB, 325.51 W
2026/09/21 03:58:54.209, 100 %, 38 %, 65341 MiB, 320.34 W
2026/09/21 03:58:55.211, 100 %, 31 %, 65341 MiB, 283.33 W
2026/09/21 03:58:56.212, 100 %, 40 %, 65341 MiB, 294.23 W
2026/09/21 03:58:57.212, 100 %, 44 %, 65341 MiB, 282.95 W
2026/09/21 03:58:58.404, 100 %, 38 %, 65341 MiB, 315.45 W
2026/09/21 03:58:59.404, 100 %, 34 %, 65341 MiB, 261.63 W
2026/09/21 03:59:00.405, 100 %, 41 %, 65341 MiB, 296.76 W
2026/09/21 03:59:01.407, 0 %, 0 %, 65341 MiB, 106.64 W
2026/09/21 03:59:02.533, 100 %, 39 %, 65341 MiB, 287.58 W
2026/09/21 03:59:03.534, 100 %, 45 %, 65341 MiB, 317.77 W
2026/09/21 03:59:04.535, 100 %, 30 %, 65341 MiB, 340.14 W
2026/09/21 03:59:05.536, 100 %, 40 %, 65341 MiB, 240.01 W
2026/09/21 03:59:06.537, 100 %, 39 %, 65341 MiB, 331.23 W
2026/09/21 03:59:07.538, 100 %, 32 %, 65341 MiB, 239.88 W
2026/09/21 03:59:08.539, 100 %, 40 %, 65341 MiB, 337.61 W
2026/09/21 03:59:09.540, 100 %, 37 %, 65341 MiB, 292.62 W
2026/09/21 03:59:10.541, 100 %, 40 %, 65341 MiB, 324.26 W
2026/09/21 03:59:11.542, 100 %, 43 %, 65341 MiB, 312.54 W
2026/09/21 03:59:12.708, 98 %, 52 %, 65341 MiB, 107.17 W
2026/09/21 03:59:13.709, 100 %, 39 %, 65341 MiB, 294.30 W
2026/09/21 03:59:14.710, 100 %, 39 %, 65341 MiB, 274.13 W
2026/09/21 03:59:15.711, 100 %, 31 %, 65341 MiB, 321.81 W
2026/09/21 03:59:16.712, 100 %, 41 %, 65341 MiB, 318.42 W
2026/09/21 03:59:17.713, 100 %, 37 %, 65341 MiB, 245.19 W
2026/09/21 03:59:18.896, 100 %, 33 %, 65341 MiB, 326.70 W
2026/09/21 03:59:19.908, 100 %, 40 %, 65341 MiB, 282.25 W
2026/09/21 03:59:20.909, 100 %, 44 %, 65341 MiB, 319.62 W
2026/09/21 03:59:21.909, 100 %, 30 %, 65341 MiB, 282.55 W
2026/09/21 03:59:22.911, 100 %, 43 %, 65341 MiB, 306.91 W
2026/09/21 03:59:23.912, 29 %, 15 %, 65341 MiB, 107.05 W
2026/09/21 03:59:25.080, 100 %, 36 %, 65341 MiB, 334.11 W
2026/09/21 03:59:26.081, 100 %, 30 %, 65341 MiB, 251.37 W
2026/09/21 03:59:27.082, 100 %, 37 %, 65341 MiB, 330.27 W
2026/09/21 03:59:28.083, 100 %, 42 %, 65341 MiB, 239.54 W
2026/09/21 03:59:29.084, 100 %, 30 %, 65341 MiB, 322.66 W
2026/09/21 03:59:30.086, 100 %, 44 %, 65341 MiB, 321.93 W
2026/09/21 03:59:31.270, 100 %, 39 %, 65341 MiB, 296.18 W
2026/09/21 03:59:32.270, 100 %, 38 %, 65341 MiB, 300.90 W
2026/09/21 03:59:33.272, 100 %, 39 %, 65341 MiB, 297.05 W
2026/09/21 03:59:34.272, 100 %, 31 %, 65341 MiB, 287.20 W
2026/09/21 03:59:35.273, 76 %, 41 %, 65341 MiB, 107.07 W
2026/09/21 03:59:36.275, 77 %, 31 %, 65341 MiB, 294.06 W
2026/09/21 03:59:37.276, 100 %, 29 %, 65341 MiB, 289.31 W
2026/09/21 03:59:38.276, 100 %, 41 %, 65341 MiB, 246.21 W
2026/09/21 03:59:39.277, 100 %, 37 %, 65341 MiB, 336.89 W
2026/09/21 03:59:40.278, 100 %, 41 %, 65341 MiB, 321.35 W
2026/09/21 03:59:41.279, 100 %, 40 %, 65341 MiB, 323.94 W
2026/09/21 03:59:42.424, 100 %, 44 %, 65341 MiB, 293.47 W
2026/09/21 03:59:43.425, 100 %, 28 %, 65341 MiB, 303.12 W
2026/09/21 03:59:44.427, 100 %, 43 %, 65341 MiB, 315.93 W
2026/09/21 03:59:45.428, 100 %, 36 %, 65341 MiB, 258.91 W
2026/09/21 03:59:46.428, 83 %, 44 %, 65341 MiB, 106.77 W
2026/09/21 03:59:47.429, 100 %, 30 %, 65341 MiB, 284.76 W
2026/09/21 03:59:48.625, 100 %, 39 %, 65341 MiB, 253.90 W
2026/09/21 03:59:49.627, 100 %, 31 %, 65341 MiB, 321.99 W
2026/09/21 03:59:50.628, 100 %, 43 %, 65341 MiB, 321.20 W
2026/09/21 03:59:51.629, 100 %, 38 %, 65341 MiB, 282.45 W
2026/09/21 03:59:52.709, 100 %, 32 %, 65341 MiB, 284.00 W
2026/09/21 03:59:53.710, 100 %, 38 %, 65341 MiB, 280.73 W
2026/09/21 03:59:54.711, 100 %, 37 %, 65341 MiB, 276.55 W
2026/09/21 03:59:55.711, 100 %, 42 %, 65341 MiB, 312.56 W
2026/09/21 03:59:56.712, 100 %, 43 %, 65341 MiB, 258.88 W
2026/09/21 03:59:57.713, 0 %, 0 %, 65341 MiB, 106.75 W
2026/09/21 03:59:58.718, 100 %, 43 %, 65341 MiB, 318.72 W
2026/09/21 03:59:59.725, 100 %, 38 %, 65341 MiB, 331.96 W
2026/09/21 04:00:00.726, 100 %, 35 %, 65341 MiB, 288.64 W
2026/09/21 04:00:01.730, 100 %, 37 %, 65341 MiB, 284.58 W
2026/09/21 04:00:02.730, 100 %, 40 %, 65341 MiB, 316.96 W
2026/09/21 04:00:03.766, 100 %, 30 %, 65341 MiB, 259.61 W
2026/09/21 04:00:04.793, 100 %, 31 %, 65341 MiB, 312.81 W
2026/09/21 04:00:06.122, 100 %, 43 %, 65341 MiB, 299.64 W
2026/09/21 04:00:07.124, 100 %, 39 %, 65341 MiB, 246.77 W
2026/09/21 04:00:08.125, 100 %, 34 %, 65356 MiB, 335.73 W
2026/09/21 04:00:09.129, 0 %, 0 %, 65759 MiB, 106.53 W
2026/09/21 04:00:10.289, 100 %, 41 %, 65759 MiB, 294.23 W
2026/09/21 04:00:11.290, 100 %, 39 %, 65759 MiB, 258.51 W
2026/09/21 04:00:12.291, 100 %, 29 %, 65341 MiB, 321.01 W
2026/09/21 04:00:13.303, 100 %, 40 %, 65341 MiB, 296.55 W
2026/09/21 04:00:14.305, 100 %, 37 %, 65341 MiB, 318.38 W
2026/09/21 04:00:15.306, 100 %, 39 %, 65341 MiB, 298.77 W
2026/09/21 04:00:16.309, 100 %, 44 %, 65341 MiB, 339.45 W
2026/09/21 04:00:17.498, 100 %, 30 %, 65341 MiB, 321.88 W
2026/09/21 04:00:18.498, 100 %, 41 %, 65341 MiB, 297.24 W
2026/09/21 04:00:19.499, 100 %, 40 %, 65341 MiB, 284.09 W
2026/09/21 04:00:20.500, 0 %, 0 %, 65341 MiB, 106.68 W
2026/09/21 04:00:21.654, 100 %, 36 %, 65341 MiB, 298.97 W
2026/09/21 04:00:22.655, 100 %, 39 %, 65341 MiB, 305.98 W
2026/09/21 04:00:23.656, 100 %, 30 %, 65341 MiB, 325.30 W
2026/09/21 04:00:24.657, 100 %, 37 %, 65341 MiB, 340.28 W
2026/09/21 04:00:25.737, 100 %, 42 %, 65341 MiB, 253.17 W
2026/09/21 04:00:26.739, 100 %, 31 %, 65341 MiB, 323.15 W
2026/09/21 04:00:27.740, 100 %, 45 %, 65341 MiB, 324.77 W
2026/09/21 04:00:28.741, 100 %, 39 %, 65341 MiB, 281.10 W
2026/09/21 04:00:29.742, 100 %, 37 %, 65341 MiB, 233.10 W
2026/09/21 04:00:31.138, 97 %, 30 %, 65341 MiB, 228.52 W
2026/09/21 04:00:32.139, 0 %, 0 %, 65341 MiB, 106.50 W
2026/09/21 04:00:33.140, 100 %, 39 %, 65341 MiB, 285.25 W
2026/09/21 04:00:34.141, 100 %, 44 %, 65341 MiB, 236.11 W
2026/09/21 04:00:35.324, 100 %, 31 %, 65341 MiB, 298.29 W
2026/09/21 04:00:36.326, 100 %, 43 %, 65341 MiB, 289.31 W
2026/09/21 04:00:37.328, 100 %, 39 %, 65341 MiB, 322.37 W
2026/09/21 04:00:38.329, 100 %, 36 %, 65341 MiB, 321.50 W
2026/09/21 04:00:39.522, 100 %, 41 %, 65341 MiB, 284.18 W
2026/09/21 04:00:40.524, 100 %, 41 %, 65341 MiB, 307.25 W
2026/09/21 04:00:41.526, 100 %, 30 %, 65341 MiB, 278.68 W
2026/09/21 04:00:42.526, 100 %, 31 %, 65341 MiB, 244.52 W
2026/09/21 04:00:43.713, 0 %, 0 %, 65341 MiB, 106.68 W
2026/09/21 04:00:44.718, 100 %, 42 %, 65341 MiB, 270.93 W
2026/09/21 04:00:45.721, 100 %, 38 %, 65341 MiB, 281.98 W
2026/09/21 04:00:46.722, 100 %, 36 %, 65341 MiB, 290.10 W
2026/09/21 04:00:47.902, 100 %, 36 %, 65341 MiB, 305.12 W
2026/09/21 04:00:48.903, 100 %, 39 %, 65341 MiB, 265.37 W
2026/09/21 04:00:49.904, 100 %, 31 %, 65341 MiB, 307.54 W
2026/09/21 04:00:50.905, 100 %, 38 %, 65341 MiB, 252.70 W
2026/09/21 04:00:51.914, 100 %, 41 %, 65341 MiB, 321.69 W
2026/09/21 04:00:52.921, 100 %, 31 %, 65341 MiB, 281.59 W
2026/09/21 04:00:53.928, 100 %, 39 %, 65341 MiB, 316.52 W
2026/09/21 04:00:54.929, 98 %, 52 %, 65341 MiB, 248.30 W
2026/09/21 04:00:56.296, 0 %, 0 %, 65341 MiB, 106.54 W
2026/09/21 04:00:57.297, 100 %, 36 %, 65341 MiB, 288.93 W
2026/09/21 04:00:58.298, 100 %, 29 %, 65341 MiB, 287.49 W
2026/09/21 04:00:59.299, 100 %, 40 %, 65341 MiB, 321.85 W
2026/09/21 04:01:00.300, 100 %, 44 %, 65341 MiB, 306.97 W
2026/09/21 04:01:01.301, 100 %, 30 %, 65341 MiB, 313.61 W
2026/09/21 04:01:02.302, 100 %, 43 %, 65341 MiB, 295.69 W
2026/09/21 04:01:03.314, 100 %, 38 %, 65341 MiB, 294.36 W
2026/09/21 04:01:04.317, 100 %, 37 %, 65341 MiB, 236.73 W
2026/09/21 04:01:05.322, 100 %, 39 %, 65341 MiB, 261.93 W
2026/09/21 04:01:06.323, 100 %, 38 %, 65341 MiB, 263.87 W
2026/09/21 04:01:07.493, 0 %, 0 %, 65341 MiB, 106.64 W
2026/09/21 04:01:08.493, 100 %, 43 %, 65341 MiB, 281.77 W
2026/09/21 04:01:09.495, 100 %, 39 %, 65341 MiB, 262.36 W
2026/09/21 04:01:10.496, 100 %, 35 %, 65341 MiB, 301.37 W
2026/09/21 04:01:11.667, 100 %, 42 %, 65341 MiB, 321.41 W
2026/09/21 04:01:12.669, 100 %, 42 %, 65341 MiB, 242.55 W
2026/09/21 04:01:13.670, 100 %, 36 %, 65341 MiB, 332.56 W
2026/09/21 04:01:14.671, 100 %, 41 %, 65341 MiB, 263.97 W
2026/09/21 04:01:15.672, 100 %, 31 %, 65341 MiB, 291.37 W
2026/09/21 04:01:16.673, 100 %, 42 %, 65341 MiB, 308.23 W
2026/09/21 04:01:17.674, 100 %, 39 %, 65341 MiB, 276.74 W
2026/09/21 04:01:18.680, 0 %, 0 %, 65341 MiB, 106.57 W
2026/09/21 04:01:19.684, 100 %, 42 %, 65341 MiB, 289.70 W
2026/09/21 04:01:20.685, 100 %, 44 %, 65341 MiB, 320.91 W
2026/09/21 04:01:21.686, 100 %, 42 %, 65341 MiB, 321.12 W
2026/09/21 04:01:22.922, 100 %, 30 %, 65341 MiB, 307.15 W
2026/09/21 04:01:23.924, 100 %, 44 %, 65341 MiB, 289.52 W
2026/09/21 04:01:24.925, 100 %, 38 %, 65341 MiB, 327.94 W
2026/09/21 04:01:25.927, 100 %, 37 %, 65341 MiB, 344.15 W
2026/09/21 04:01:26.930, 100 %, 35 %, 65341 MiB, 233.04 W
2026/09/21 04:01:27.931, 100 %, 27 %, 65341 MiB, 347.50 W
2026/09/21 04:01:28.932, 100 %, 39 %, 65341 MiB, 278.09 W
2026/09/21 04:01:29.933, 0 %, 0 %, 65341 MiB, 106.52 W
2026/09/21 04:01:30.934, 100 %, 41 %, 65341 MiB, 299.07 W
2026/09/21 04:01:31.935, 100 %, 44 %, 65341 MiB, 323.32 W
2026/09/21 04:01:32.937, 100 %, 42 %, 65341 MiB, 321.23 W
2026/09/21 04:01:34.138, 100 %, 44 %, 65341 MiB, 282.55 W
2026/09/21 04:01:35.139, 100 %, 37 %, 65341 MiB, 310.05 W
2026/09/21 04:01:36.140, 100 %, 32 %, 65341 MiB, 263.36 W
2026/09/21 04:01:37.141, 100 %, 41 %, 65341 MiB, 244.78 W
2026/09/21 04:01:38.142, 100 %, 35 %, 65341 MiB, 326.76 W
2026/09/21 04:01:39.143, 100 %, 40 %, 65341 MiB, 304.09 W
2026/09/21 04:01:40.144, 100 %, 43 %, 65341 MiB, 318.14 W
2026/09/21 04:01:41.188, 0 %, 0 %, 65341 MiB, 106.71 W
2026/09/21 04:01:42.189, 100 %, 37 %, 65341 MiB, 267.92 W
2026/09/21 04:01:43.219, 100 %, 35 %, 65341 MiB, 301.19 W
2026/09/21 04:01:44.220, 100 %, 31 %, 65341 MiB, 254.72 W
2026/09/21 04:01:45.381, 100 %, 39 %, 65341 MiB, 338.38 W
2026/09/21 04:01:46.387, 100 %, 41 %, 65341 MiB, 324.19 W
2026/09/21 04:01:47.388, 100 %, 31 %, 65341 MiB, 329.08 W
2026/09/21 04:01:48.389, 100 %, 33 %, 65341 MiB, 327.54 W
2026/09/21 04:01:49.545, 100 %, 40 %, 65341 MiB, 312.66 W
2026/09/21 04:01:50.546, 100 %, 33 %, 65341 MiB, 300.52 W
2026/09/21 04:01:51.547, 100 %, 39 %, 65341 MiB, 307.45 W
2026/09/21 04:01:52.548, 98 %, 52 %, 65341 MiB, 247.73 W
2026/09/21 04:01:53.595, 97 %, 52 %, 65341 MiB, 238.65 W
2026/09/21 04:01:54.598, 97 %, 51 %, 65341 MiB, 249.20 W
2026/09/21 04:01:55.598, 0 %, 0 %, 65341 MiB, 106.40 W
2026/09/21 04:01:56.599, 100 %, 37 %, 65341 MiB, 276.75 W
2026/09/21 04:01:57.600, 100 %, 29 %, 65341 MiB, 322.75 W
2026/09/21 04:01:58.601, 100 %, 44 %, 65341 MiB, 275.88 W
2026/09/21 04:01:59.603, 100 %, 38 %, 65341 MiB, 298.86 W
2026/09/21 04:02:00.643, 100 %, 31 %, 65341 MiB, 293.26 W
2026/09/21 04:02:01.644, 100 %, 39 %, 65341 MiB, 256.49 W
2026/09/21 04:02:02.645, 100 %, 35 %, 65341 MiB, 320.81 W
2026/09/21 04:02:03.646, 100 %, 32 %, 65341 MiB, 284.59 W
2026/09/21 04:02:04.866, 100 %, 39 %, 65341 MiB, 332.52 W
2026/09/21 04:02:05.867, 100 %, 44 %, 65341 MiB, 318.71 W
2026/09/21 04:02:06.868, 0 %, 0 %, 65341 MiB, 106.61 W
2026/09/21 04:02:07.869, 100 %, 37 %, 65341 MiB, 243.61 W
2026/09/21 04:02:09.094, 100 %, 41 %, 65341 MiB, 286.05 W
2026/09/21 04:02:10.096, 100 %, 43 %, 65341 MiB, 251.52 W
2026/09/21 04:02:11.097, 100 %, 29 %, 65341 MiB, 338.60 W
2026/09/21 04:02:12.098, 100 %, 31 %, 65341 MiB, 325.34 W
2026/09/21 04:02:13.317, 100 %, 42 %, 65341 MiB, 238.79 W
2026/09/21 04:02:14.319, 100 %, 31 %, 65341 MiB, 328.51 W
2026/09/21 04:02:15.320, 100 %, 40 %, 65341 MiB, 271.03 W
2026/09/21 04:02:16.321, 100 %, 37 %, 65341 MiB, 315.27 W
2026/09/21 04:02:17.458, 100 %, 39 %, 65341 MiB, 284.61 W
2026/09/21 04:02:18.459, 51 %, 22 %, 65341 MiB, 322.85 W
2026/09/21 04:02:19.460, 100 %, 36 %, 65341 MiB, 238.58 W
2026/09/21 04:02:20.461, 100 %, 41 %, 65341 MiB, 317.98 W
2026/09/21 04:02:21.675, 100 %, 44 %, 65341 MiB, 291.24 W
2026/09/21 04:02:22.676, 100 %, 31 %, 65341 MiB, 303.98 W
2026/09/21 04:02:23.677, 100 %, 41 %, 65341 MiB, 269.69 W
2026/09/21 04:02:24.678, 100 %, 43 %, 65341 MiB, 289.33 W
2026/09/21 04:02:25.883, 100 %, 37 %, 65341 MiB, 295.50 W
2026/09/21 04:02:26.884, 100 %, 36 %, 65341 MiB, 268.34 W
2026/09/21 04:02:27.885, 100 %, 36 %, 65341 MiB, 267.06 W
2026/09/21 04:02:28.886, 27 %, 15 %, 65341 MiB, 107.08 W
2026/09/21 04:02:30.063, 100 %, 38 %, 65341 MiB, 312.55 W
2026/09/21 04:02:31.064, 100 %, 33 %, 65341 MiB, 306.69 W
2026/09/21 04:02:32.065, 100 %, 38 %, 65341 MiB, 296.85 W
2026/09/21 04:02:33.068, 100 %, 38 %, 65341 MiB, 269.36 W
2026/09/21 04:02:34.248, 100 %, 40 %, 65341 MiB, 322.88 W
2026/09/21 04:02:35.249, 100 %, 41 %, 65341 MiB, 284.11 W
2026/09/21 04:02:36.250, 100 %, 36 %, 65341 MiB, 287.57 W
2026/09/21 04:02:37.251, 100 %, 36 %, 65341 MiB, 269.95 W
2026/09/21 04:02:38.251, 100 %, 38 %, 65341 MiB, 276.65 W
2026/09/21 04:02:39.252, 100 %, 33 %, 65341 MiB, 319.12 W
2026/09/21 04:02:40.253, 97 %, 52 %, 65341 MiB, 105.98 W
2026/09/21 04:02:41.254, 100 %, 43 %, 65341 MiB, 302.45 W
2026/09/21 04:02:42.255, 100 %, 38 %, 65341 MiB, 275.67 W
2026/09/21 04:02:43.256, 100 %, 35 %, 65341 MiB, 264.10 W
2026/09/21 04:02:44.257, 100 %, 38 %, 65341 MiB, 266.39 W
2026/09/21 04:02:45.258, 100 %, 32 %, 65341 MiB, 312.39 W
2026/09/21 04:02:46.259, 100 %, 39 %, 65341 MiB, 298.02 W
2026/09/21 04:02:47.260, 100 %, 43 %, 65341 MiB, 306.78 W
2026/09/21 04:02:48.261, 100 %, 30 %, 65341 MiB, 287.88 W
2026/09/21 04:02:49.262, 100 %, 44 %, 65341 MiB, 327.00 W
2026/09/21 04:02:50.263, 100 %, 39 %, 65341 MiB, 251.32 W
2026/09/21 04:02:51.264, 0 %, 0 %, 65341 MiB, 106.92 W
2026/09/21 04:02:52.265, 100 %, 37 %, 65341 MiB, 289.05 W
2026/09/21 04:02:53.265, 100 %, 41 %, 65341 MiB, 293.27 W
2026/09/21 04:02:54.267, 100 %, 42 %, 65341 MiB, 253.43 W
2026/09/21 04:02:55.326, 100 %, 38 %, 65341 MiB, 329.88 W
2026/09/21 04:02:56.327, 100 %, 40 %, 65341 MiB, 331.63 W
2026/09/21 04:02:57.328, 100 %, 30 %, 65341 MiB, 317.89 W
2026/09/21 04:02:58.329, 100 %, 40 %, 65341 MiB, 320.93 W
2026/09/21 04:02:59.331, 100 %, 36 %, 65341 MiB, 280.32 W
2026/09/21 04:03:00.332, 100 %, 42 %, 65341 MiB, 306.63 W
2026/09/21 04:03:01.514, 100 %, 43 %, 65341 MiB, 295.30 W
2026/09/21 04:03:02.519, 96 %, 51 %, 65341 MiB, 106.91 W
2026/09/21 04:03:03.521, 54 %, 24 %, 65341 MiB, 317.78 W
2026/09/21 04:03:04.522, 100 %, 35 %, 65341 MiB, 270.64 W
2026/09/21 04:03:05.523, 100 %, 42 %, 65341 MiB, 299.05 W
2026/09/21 04:03:06.530, 100 %, 44 %, 65341 MiB, 272.09 W
2026/09/21 04:03:07.531, 100 %, 31 %, 65341 MiB, 322.75 W
2026/09/21 04:03:08.532, 100 %, 40 %, 65341 MiB, 330.68 W
2026/09/21 04:03:09.533, 100 %, 40 %, 65341 MiB, 324.79 W
2026/09/21 04:03:10.534, 100 %, 30 %, 65341 MiB, 298.12 W
2026/09/21 04:03:11.536, 100 %, 39 %, 65341 MiB, 291.36 W
2026/09/21 04:03:12.537, 100 %, 36 %, 65341 MiB, 267.92 W
2026/09/21 04:03:13.538, 0 %, 0 %, 65341 MiB, 106.98 W
2026/09/21 04:03:14.539, 100 %, 36 %, 65341 MiB, 290.77 W
2026/09/21 04:03:15.540, 100 %, 28 %, 65341 MiB, 302.95 W
2026/09/21 04:03:16.541, 100 %, 41 %, 65341 MiB, 305.62 W
2026/09/21 04:03:17.682, 100 %, 43 %, 65341 MiB, 316.61 W
2026/09/21 04:03:18.685, 100 %, 31 %, 65341 MiB, 326.41 W
2026/09/21 04:03:19.686, 100 %, 41 %, 65341 MiB, 294.32 W
2026/09/21 04:03:20.687, 100 %, 38 %, 65341 MiB, 289.80 W
2026/09/21 04:03:21.687, 100 %, 37 %, 65341 MiB, 285.55 W
2026/09/21 04:03:22.689, 100 %, 37 %, 65341 MiB, 272.56 W
2026/09/21 04:03:23.689, 100 %, 29 %, 65341 MiB, 266.38 W
2026/09/21 04:03:24.692, 0 %, 0 %, 65341 MiB, 106.89 W
2026/09/21 04:03:25.745, 100 %, 39 %, 65341 MiB, 328.72 W
2026/09/21 04:03:26.745, 100 %, 41 %, 65341 MiB, 310.02 W
2026/09/21 04:03:27.746, 100 %, 29 %, 65341 MiB, 298.29 W
2026/09/21 04:03:28.747, 100 %, 40 %, 65341 MiB, 321.98 W
2026/09/21 04:03:29.748, 100 %, 36 %, 65341 MiB, 249.16 W
2026/09/21 04:03:30.749, 100 %, 40 %, 65341 MiB, 293.46 W
2026/09/21 04:03:31.750, 100 %, 43 %, 65341 MiB, 270.93 W
2026/09/21 04:03:32.751, 100 %, 30 %, 65341 MiB, 319.49 W
2026/09/21 04:03:33.752, 100 %, 44 %, 65341 MiB, 264.85 W
2026/09/21 04:03:34.753, 100 %, 30 %, 65341 MiB, 285.37 W
2026/09/21 04:03:35.754, 97 %, 52 %, 65341 MiB, 233.00 W
2026/09/21 04:03:36.835, 0 %, 0 %, 65341 MiB, 106.50 W
2026/09/21 04:03:37.837, 100 %, 36 %, 65341 MiB, 306.53 W
2026/09/21 04:03:38.838, 100 %, 30 %, 65341 MiB, 316.58 W
2026/09/21 04:03:39.839, 100 %, 31 %, 65341 MiB, 234.60 W
2026/09/21 04:03:40.995, 100 %, 44 %, 65341 MiB, 292.30 W
2026/09/21 04:03:41.996, 100 %, 39 %, 65341 MiB, 265.11 W
2026/09/21 04:03:42.997, 100 %, 37 %, 65341 MiB, 320.37 W
2026/09/21 04:03:43.997, 100 %, 39 %, 65341 MiB, 235.47 W
2026/09/21 04:03:45.154, 100 %, 31 %, 65341 MiB, 321.37 W
2026/09/21 04:03:46.155, 100 %, 39 %, 65341 MiB, 308.98 W
2026/09/21 04:03:47.156, 100 %, 44 %, 65341 MiB, 324.18 W
2026/09/21 04:03:48.157, 97 %, 52 %, 65341 MiB, 250.40 W
2026/09/21 04:03:49.325, 97 %, 51 %, 65341 MiB, 257.46 W
2026/09/21 04:03:50.326, 0 %, 0 %, 65341 MiB, 106.79 W
2026/09/21 04:03:51.326, 100 %, 41 %, 65341 MiB, 344.89 W
2026/09/21 04:03:52.327, 100 %, 36 %, 65341 MiB, 286.04 W
2026/09/21 04:03:53.449, 100 %, 44 %, 65341 MiB, 229.63 W
2026/09/21 04:03:54.450, 100 %, 31 %, 65341 MiB, 328.32 W
2026/09/21 04:03:55.453, 100 %, 43 %, 65341 MiB, 273.47 W
2026/09/21 04:03:56.453, 100 %, 38 %, 65341 MiB, 271.33 W
2026/09/21 04:03:57.505, 100 %, 37 %, 65341 MiB, 323.32 W
2026/09/21 04:03:58.506, 100 %, 39 %, 65341 MiB, 321.52 W
2026/09/21 04:03:59.507, 100 %, 40 %, 65341 MiB, 300.90 W
2026/09/21 04:04:00.508, 100 %, 39 %, 65341 MiB, 301.00 W
2026/09/21 04:04:01.649, 0 %, 0 %, 65341 MiB, 106.38 W
2026/09/21 04:04:02.650, 100 %, 39 %, 65341 MiB, 332.46 W
2026/09/21 04:04:03.651, 100 %, 34 %, 65341 MiB, 329.27 W
2026/09/21 04:04:04.652, 100 %, 38 %, 65341 MiB, 305.23 W
2026/09/21 04:04:05.652, 100 %, 43 %, 65341 MiB, 303.64 W
2026/09/21 04:04:06.653, 100 %, 30 %, 65341 MiB, 242.68 W
2026/09/21 04:04:07.654, 100 %, 41 %, 65341 MiB, 291.06 W
2026/09/21 04:04:08.655, 100 %, 39 %, 65341 MiB, 275.30 W
2026/09/21 04:04:09.657, 100 %, 35 %, 65341 MiB, 311.71 W
2026/09/21 04:04:10.658, 100 %, 38 %, 65341 MiB, 306.30 W
2026/09/21 04:04:11.659, 100 %, 32 %, 65341 MiB, 306.58 W
2026/09/21 04:04:12.768, 0 %, 0 %, 65341 MiB, 106.58 W
2026/09/21 04:04:13.772, 100 %, 38 %, 65341 MiB, 302.44 W
2026/09/21 04:04:14.773, 100 %, 43 %, 65341 MiB, 284.19 W
2026/09/21 04:04:15.774, 100 %, 31 %, 65341 MiB, 267.65 W
2026/09/21 04:04:16.775, 100 %, 43 %, 65341 MiB, 262.49 W
2026/09/21 04:04:17.776, 100 %, 40 %, 65341 MiB, 326.01 W
2026/09/21 04:04:18.777, 100 %, 43 %, 65341 MiB, 300.98 W
2026/09/21 04:04:19.778, 100 %, 36 %, 65341 MiB, 291.55 W
2026/09/21 04:04:21.170, 100 %, 38 %, 65341 MiB, 255.41 W
2026/09/21 04:04:22.171, 100 %, 33 %, 65341 MiB, 326.69 W
2026/09/21 04:04:23.172, 100 %, 39 %, 65341 MiB, 287.10 W
2026/09/21 04:04:24.173, 0 %, 0 %, 65341 MiB, 106.31 W
2026/09/21 04:04:25.173, 100 %, 40 %, 65341 MiB, 285.06 W
2026/09/21 04:04:26.175, 100 %, 30 %, 65341 MiB, 283.63 W
2026/09/21 04:04:27.176, 100 %, 38 %, 65341 MiB, 333.32 W
2026/09/21 04:04:28.176, 100 %, 37 %, 65341 MiB, 317.95 W
2026/09/21 04:04:29.177, 100 %, 30 %, 65341 MiB, 287.77 W
2026/09/21 04:04:30.178, 100 %, 41 %, 65341 MiB, 322.43 W
2026/09/21 04:04:31.179, 100 %, 38 %, 65341 MiB, 263.84 W
2026/09/21 04:04:32.180, 100 %, 37 %, 65341 MiB, 335.15 W
2026/09/21 04:04:33.181, 100 %, 38 %, 65341 MiB, 275.00 W
2026/09/21 04:04:34.182, 100 %, 31 %, 65341 MiB, 325.45 W
2026/09/21 04:04:35.193, 0 %, 0 %, 65341 MiB, 106.75 W
2026/09/21 04:04:36.194, 100 %, 39 %, 65341 MiB, 272.38 W
2026/09/21 04:04:37.195, 100 %, 39 %, 65341 MiB, 329.40 W
2026/09/21 04:04:38.196, 100 %, 30 %, 65341 MiB, 292.79 W
2026/09/21 04:04:39.197, 100 %, 38 %, 65341 MiB, 286.72 W
2026/09/21 04:04:40.198, 100 %, 35 %, 65341 MiB, 266.59 W
2026/09/21 04:04:41.199, 100 %, 37 %, 65341 MiB, 247.91 W
2026/09/21 04:04:42.200, 100 %, 29 %, 65341 MiB, 318.05 W
2026/09/21 04:04:43.201, 100 %, 39 %, 65341 MiB, 315.94 W
2026/09/21 04:04:44.202, 100 %, 45 %, 65341 MiB, 321.99 W
2026/09/21 04:04:45.203, 100 %, 31 %, 65341 MiB, 317.79 W
2026/09/21 04:04:46.231, 98 %, 52 %, 65341 MiB, 255.86 W
2026/09/21 04:04:47.232, 0 %, 0 %, 65341 MiB, 106.40 W
2026/09/21 04:04:48.233, 100 %, 37 %, 65341 MiB, 310.63 W
2026/09/21 04:04:49.234, 100 %, 41 %, 65341 MiB, 327.84 W
2026/09/21 04:04:50.451, 100 %, 42 %, 65341 MiB, 232.95 W
2026/09/21 04:04:51.452, 100 %, 30 %, 65341 MiB, 343.39 W
2026/09/21 04:04:52.453, 100 %, 43 %, 65341 MiB, 271.20 W
2026/09/21 04:04:53.453, 100 %, 43 %, 65341 MiB, 259.69 W
2026/09/21 04:04:54.675, 100 %, 38 %, 65341 MiB, 329.15 W
2026/09/21 04:04:55.676, 100 %, 38 %, 65341 MiB, 273.16 W
2026/09/21 04:04:56.677, 100 %, 38 %, 65341 MiB, 329.64 W
2026/09/21 04:04:57.678, 98 %, 31 %, 65341 MiB, 233.78 W
2026/09/21 04:04:58.679, 0 %, 0 %, 65341 MiB, 106.40 W
2026/09/21 04:04:59.680, 100 %, 38 %, 65341 MiB, 263.40 W
2026/09/21 04:05:00.681, 100 %, 30 %, 65341 MiB, 325.75 W
2026/09/21 04:05:01.703, 100 %, 37 %, 65341 MiB, 284.18 W
2026/09/21 04:05:02.704, 100 %, 39 %, 65341 MiB, 309.48 W
2026/09/21 04:05:03.706, 100 %, 31 %, 65341 MiB, 299.06 W
2026/09/21 04:05:04.706, 100 %, 40 %, 65341 MiB, 326.28 W
2026/09/21 04:05:05.708, 100 %, 37 %, 65341 MiB, 257.06 W
2026/09/21 04:05:06.708, 100 %, 39 %, 65341 MiB, 339.80 W
2026/09/21 04:05:07.709, 100 %, 39 %, 65341 MiB, 284.48 W
2026/09/21 04:05:08.722, 100 %, 30 %, 65341 MiB, 295.69 W
2026/09/21 04:05:09.724, 96 %, 51 %, 65341 MiB, 249.11 W
2026/09/21 04:05:10.725, 0 %, 0 %, 65341 MiB, 106.49 W
2026/09/21 04:05:11.727, 100 %, 30 %, 65341 MiB, 270.55 W
2026/09/21 04:05:12.934, 100 %, 38 %, 65341 MiB, 294.61 W
2026/09/21 04:05:13.935, 100 %, 37 %, 65341 MiB, 281.56 W
2026/09/21 04:05:14.936, 100 %, 40 %, 65341 MiB, 253.95 W
2026/09/21 04:05:15.937, 100 %, 31 %, 65341 MiB, 286.43 W
2026/09/21 04:05:17.308, 100 %, 37 %, 65341 MiB, 308.73 W
2026/09/21 04:05:18.311, 100 %, 39 %, 65341 MiB, 303.10 W
2026/09/21 04:05:19.312, 100 %, 30 %, 65341 MiB, 253.77 W
2026/09/21 04:05:20.313, 100 %, 36 %, 65341 MiB, 333.90 W
2026/09/21 04:05:21.314, 100 %, 34 %, 65341 MiB, 317.47 W
2026/09/21 04:05:22.319, 8 %, 5 %, 65341 MiB, 106.68 W
2026/09/21 04:05:23.321, 100 %, 37 %, 65341 MiB, 304.47 W
2026/09/21 04:05:24.323, 100 %, 29 %, 65341 MiB, 316.13 W
2026/09/21 04:05:25.324, 100 %, 37 %, 65341 MiB, 298.09 W
2026/09/21 04:05:26.325, 100 %, 43 %, 65341 MiB, 291.05 W
2026/09/21 04:05:27.327, 100 %, 31 %, 65341 MiB, 281.28 W
2026/09/21 04:05:28.329, 100 %, 31 %, 65341 MiB, 321.11 W
2026/09/21 04:05:29.674, 100 %, 43 %, 65341 MiB, 292.51 W
2026/09/21 04:05:30.675, 100 %, 38 %, 65341 MiB, 297.52 W
2026/09/21 04:05:31.676, 100 %, 35 %, 65341 MiB, 284.00 W
2026/09/21 04:05:32.677, 97 %, 31 %, 65341 MiB, 188.01 W
2026/09/21 04:05:33.900, 0 %, 0 %, 65341 MiB, 106.61 W
2026/09/21 04:05:34.901, 100 %, 38 %, 65341 MiB, 323.04 W
2026/09/21 04:05:35.902, 100 %, 36 %, 65341 MiB, 287.87 W
2026/09/21 04:05:36.903, 100 %, 31 %, 65341 MiB, 297.05 W
2026/09/21 04:05:38.028, 100 %, 39 %, 65341 MiB, 275.76 W
2026/09/21 04:05:39.029, 100 %, 37 %, 65341 MiB, 312.57 W
2026/09/21 04:05:40.030, 100 %, 35 %, 65341 MiB, 243.12 W
2026/09/21 04:05:41.031, 100 %, 27 %, 65341 MiB, 330.47 W
2026/09/21 04:05:42.032, 100 %, 40 %, 65341 MiB, 294.65 W
2026/09/21 04:05:43.033, 100 %, 43 %, 65341 MiB, 308.92 W
2026/09/21 04:05:44.035, 100 %, 31 %, 65341 MiB, 286.99 W
2026/09/21 04:05:45.036, 98 %, 52 %, 65341 MiB, 107.75 W
2026/09/21 04:05:46.037, 100 %, 42 %, 65341 MiB, 292.02 W
2026/09/21 04:05:47.038, 100 %, 31 %, 65341 MiB, 259.40 W
2026/09/21 04:05:48.039, 100 %, 38 %, 65341 MiB, 322.55 W
2026/09/21 04:05:49.040, 100 %, 39 %, 65341 MiB, 319.48 W
2026/09/21 04:05:50.042, 100 %, 31 %, 65341 MiB, 308.70 W
2026/09/21 04:05:51.043, 100 %, 40 %, 65341 MiB, 302.04 W
2026/09/21 04:05:52.052, 100 %, 35 %, 65341 MiB, 231.36 W
2026/09/21 04:05:53.052, 100 %, 39 %, 65341 MiB, 338.10 W
2026/09/21 04:05:54.053, 100 %, 40 %, 65341 MiB, 270.57 W
2026/09/21 04:05:55.054, 100 %, 31 %, 65341 MiB, 317.24 W
2026/09/21 04:05:56.055, 0 %, 0 %, 65341 MiB, 106.98 W
2026/09/21 04:05:57.056, 100 %, 43 %, 65341 MiB, 240.35 W
2026/09/21 04:05:58.057, 100 %, 37 %, 65341 MiB, 331.11 W
2026/09/21 04:05:59.064, 100 %, 35 %, 65341 MiB, 327.07 W
2026/09/21 04:06:00.065, 100 %, 38 %, 65341 MiB, 321.77 W
2026/09/21 04:06:01.066, 100 %, 33 %, 65341 MiB, 232.74 W
2026/09/21 04:06:02.067, 100 %, 30 %, 65341 MiB, 295.28 W
2026/09/21 04:06:03.197, 100 %, 44 %, 65341 MiB, 309.30 W
2026/09/21 04:06:04.201, 100 %, 31 %, 65341 MiB, 319.11 W
2026/09/21 04:06:05.202, 100 %, 43 %, 65341 MiB, 249.95 W
2026/09/21 04:06:06.203, 100 %, 36 %, 65341 MiB, 328.95 W
2026/09/21 04:06:07.204, 0 %, 0 %, 65341 MiB, 106.88 W
2026/09/21 04:06:08.205, 100 %, 42 %, 65341 MiB, 250.70 W
2026/09/21 04:06:09.206, 100 %, 30 %, 65341 MiB, 327.06 W
2026/09/21 04:06:10.207, 100 %, 43 %, 65341 MiB, 277.81 W
2026/09/21 04:06:11.208, 100 %, 38 %, 65341 MiB, 319.04 W
2026/09/21 04:06:12.210, 100 %, 39 %, 65341 MiB, 331.23 W
2026/09/21 04:06:13.383, 100 %, 37 %, 65341 MiB, 299.55 W
2026/09/21 04:06:14.383, 100 %, 39 %, 65341 MiB, 302.55 W
2026/09/21 04:06:15.384, 100 %, 30 %, 65341 MiB, 292.42 W
2026/09/21 04:06:16.385, 100 %, 37 %, 65341 MiB, 317.09 W
2026/09/21 04:06:17.386, 100 %, 40 %, 65341 MiB, 245.09 W
2026/09/21 04:06:18.387, 0 %, 0 %, 65341 MiB, 106.99 W
2026/09/21 04:06:19.388, 100 %, 31 %, 65341 MiB, 310.36 W
2026/09/21 04:06:20.389, 100 %, 40 %, 65341 MiB, 262.26 W
2026/09/21 04:06:21.392, 100 %, 35 %, 65341 MiB, 315.46 W
2026/09/21 04:06:22.393, 100 %, 41 %, 65341 MiB, 329.42 W
2026/09/21 04:06:23.394, 100 %, 43 %, 65341 MiB, 321.68 W
2026/09/21 04:06:24.395, 100 %, 37 %, 65341 MiB, 307.36 W
2026/09/21 04:06:25.396, 100 %, 43 %, 65341 MiB, 281.87 W
2026/09/21 04:06:26.397, 100 %, 30 %, 65341 MiB, 285.36 W
2026/09/21 04:06:27.398, 100 %, 43 %, 65341 MiB, 264.04 W
2026/09/21 04:06:28.408, 100 %, 38 %, 65341 MiB, 301.12 W
2026/09/21 04:06:29.409, 0 %, 0 %, 65341 MiB, 106.86 W
2026/09/21 04:06:30.410, 100 %, 39 %, 65341 MiB, 329.29 W
2026/09/21 04:06:31.410, 100 %, 39 %, 65341 MiB, 291.52 W
2026/09/21 04:06:32.411, 100 %, 31 %, 65341 MiB, 293.95 W
2026/09/21 04:06:33.412, 100 %, 29 %, 65341 MiB, 320.38 W
2026/09/21 04:06:34.589, 100 %, 43 %, 65341 MiB, 325.76 W
2026/09/21 04:06:35.590, 100 %, 40 %, 65341 MiB, 293.57 W
2026/09/21 04:06:36.591, 100 %, 31 %, 65341 MiB, 293.65 W
2026/09/21 04:06:37.592, 100 %, 39 %, 65341 MiB, 260.14 W
2026/09/21 04:06:38.593, 100 %, 36 %, 65341 MiB, 316.15 W
2026/09/21 04:06:39.594, 100 %, 40 %, 65341 MiB, 333.07 W
2026/09/21 04:06:40.773, 0 %, 0 %, 65341 MiB, 106.51 W
2026/09/21 04:06:41.774, 100 %, 36 %, 65341 MiB, 312.54 W
2026/09/21 04:06:42.775, 100 %, 39 %, 65341 MiB, 288.44 W
2026/09/21 04:06:43.776, 100 %, 42 %, 65341 MiB, 267.73 W
2026/09/21 04:06:44.777, 100 %, 30 %, 65341 MiB, 297.04 W
2026/09/21 04:06:45.778, 100 %, 30 %, 65341 MiB, 320.63 W
2026/09/21 04:06:46.978, 100 %, 43 %, 65341 MiB, 254.20 W
2026/09/21 04:06:47.979, 100 %, 39 %, 65341 MiB, 287.01 W
2026/09/21 04:06:48.980, 100 %, 37 %, 65341 MiB, 269.58 W
2026/09/21 04:06:49.981, 100 %, 38 %, 65341 MiB, 286.72 W
2026/09/21 04:06:50.982, 100 %, 42 %, 65341 MiB, 270.44 W
2026/09/21 04:06:52.085, 96 %, 51 %, 65341 MiB, 230.96 W
2026/09/21 04:06:53.086, 56 %, 30 %, 65341 MiB, 106.68 W
2026/09/21 04:06:54.087, 100 %, 37 %, 65341 MiB, 307.29 W
2026/09/21 04:06:55.088, 100 %, 39 %, 65341 MiB, 332.45 W
2026/09/21 04:06:56.089, 100 %, 29 %, 65341 MiB, 317.25 W
2026/09/21 04:06:57.090, 100 %, 37 %, 65341 MiB, 292.68 W
2026/09/21 04:06:58.091, 100 %, 39 %, 65341 MiB, 289.89 W
2026/09/21 04:06:59.092, 100 %, 39 %, 65341 MiB, 320.35 W
2026/09/21 04:07:00.399, 100 %, 32 %, 65341 MiB, 316.40 W
2026/09/21 04:07:01.400, 100 %, 40 %, 65341 MiB, 307.59 W
2026/09/21 04:07:02.402, 100 %, 37 %, 65341 MiB, 231.44 W
2026/09/21 04:07:03.402, 100 %, 41 %, 65341 MiB, 193.71 W
2026/09/21 04:07:04.551, 0 %, 0 %, 65341 MiB, 106.43 W
2026/09/21 04:07:05.552, 100 %, 35 %, 65341 MiB, 296.16 W
2026/09/21 04:07:06.553, 100 %, 34 %, 65341 MiB, 306.42 W
2026/09/21 04:07:07.554, 100 %, 30 %, 65341 MiB, 332.65 W
2026/09/21 04:07:08.722, 100 %, 37 %, 65341 MiB, 320.23 W
2026/09/21 04:07:09.722, 100 %, 40 %, 65341 MiB, 315.92 W
2026/09/21 04:07:10.724, 100 %, 31 %, 65341 MiB, 270.14 W
2026/09/21 04:07:11.725, 100 %, 43 %, 65341 MiB, 277.41 W
2026/09/21 04:07:12.727, 100 %, 38 %, 65341 MiB, 303.80 W
2026/09/21 04:07:13.728, 100 %, 37 %, 65341 MiB, 315.61 W
2026/09/21 04:07:14.729, 100 %, 37 %, 65341 MiB, 340.12 W
2026/09/21 04:07:15.730, 0 %, 0 %, 65341 MiB, 106.40 W
2026/09/21 04:07:16.731, 100 %, 41 %, 65341 MiB, 246.27 W
2026/09/21 04:07:17.735, 100 %, 37 %, 65341 MiB, 321.50 W
2026/09/21 04:07:18.736, 100 %, 40 %, 65341 MiB, 271.51 W
2026/09/21 04:07:19.737, 100 %, 43 %, 65341 MiB, 325.43 W
2026/09/21 04:07:20.738, 100 %, 30 %, 65341 MiB, 287.28 W
2026/09/21 04:07:21.739, 100 %, 38 %, 65341 MiB, 305.91 W
2026/09/21 04:07:22.740, 100 %, 42 %, 65341 MiB, 262.58 W
2026/09/21 04:07:23.969, 100 %, 36 %, 65341 MiB, 313.78 W
2026/09/21 04:07:24.970, 100 %, 34 %, 65341 MiB, 280.82 W
2026/09/21 04:07:25.971, 100 %, 39 %, 65341 MiB, 287.77 W
2026/09/21 04:07:26.972, 97 %, 52 %, 65341 MiB, 248.42 W
2026/09/21 04:07:27.973, 0 %, 0 %, 65341 MiB, 106.24 W
2026/09/21 04:07:28.974, 100 %, 39 %, 65341 MiB, 266.95 W
2026/09/21 04:07:29.975, 100 %, 31 %, 65341 MiB, 309.09 W
2026/09/21 04:07:30.976, 100 %, 40 %, 65341 MiB, 299.92 W
2026/09/21 04:07:31.977, 100 %, 39 %, 65341 MiB, 324.67 W
2026/09/21 04:07:32.978, 100 %, 30 %, 65341 MiB, 305.61 W
2026/09/21 04:07:33.978, 100 %, 35 %, 65341 MiB, 288.06 W
2026/09/21 04:07:35.135, 100 %, 41 %, 65341 MiB, 307.46 W
2026/09/21 04:07:36.136, 100 %, 34 %, 65341 MiB, 283.14 W
2026/09/21 04:07:37.137, 100 %, 40 %, 65341 MiB, 255.41 W
2026/09/21 04:07:38.138, 100 %, 38 %, 65341 MiB, 301.10 W
2026/09/21 04:07:39.284, 97 %, 52 %, 65341 MiB, 247.38 W
2026/09/21 04:07:40.291, 0 %, 0 %, 65341 MiB, 106.09 W
2026/09/21 04:07:41.292, 100 %, 43 %, 65341 MiB, 338.90 W
2026/09/21 04:07:42.293, 100 %, 39 %, 65341 MiB, 246.96 W
2026/09/21 04:07:43.476, 100 %, 37 %, 65341 MiB, 322.25 W
2026/09/21 04:07:44.477, 100 %, 38 %, 65341 MiB, 297.51 W
2026/09/21 04:07:45.478, 100 %, 34 %, 65341 MiB, 277.23 W
2026/09/21 04:07:46.478, 100 %, 43 %, 65341 MiB, 303.61 W
2026/09/21 04:07:47.681, 100 %, 36 %, 65341 MiB, 289.23 W
2026/09/21 04:07:48.690, 100 %, 41 %, 65341 MiB, 293.84 W
2026/09/21 04:07:49.690, 100 %, 31 %, 65341 MiB, 281.29 W
2026/09/21 04:07:50.691, 100 %, 43 %, 65341 MiB, 253.69 W
2026/09/21 04:07:51.692, 36 %, 19 %, 65341 MiB, 106.50 W
2026/09/21 04:07:52.692, 100 %, 39 %, 65341 MiB, 289.32 W
2026/09/21 04:07:53.693, 100 %, 43 %, 65341 MiB, 278.39 W
2026/09/21 04:07:54.694, 100 %, 29 %, 65341 MiB, 321.79 W
2026/09/21 04:07:55.695, 100 %, 43 %, 65341 MiB, 321.70 W
2026/09/21 04:07:56.695, 100 %, 37 %, 65341 MiB, 293.76 W
2026/09/21 04:07:57.696, 100 %, 34 %, 65341 MiB, 285.46 W
2026/09/21 04:07:58.854, 100 %, 39 %, 65341 MiB, 310.36 W
2026/09/21 04:07:59.855, 100 %, 34 %, 65341 MiB, 282.06 W
2026/09/21 04:08:00.857, 100 %, 38 %, 65341 MiB, 308.29 W
2026/09/21 04:08:01.858, 100 %, 31 %, 65341 MiB, 312.65 W
2026/09/21 04:08:03.102, 0 %, 0 %, 65341 MiB, 106.21 W
2026/09/21 04:08:04.103, 100 %, 30 %, 65341 MiB, 312.66 W
2026/09/21 04:08:05.104, 100 %, 43 %, 65341 MiB, 308.98 W
2026/09/21 04:08:06.105, 100 %, 40 %, 65341 MiB, 335.93 W
2026/09/21 04:08:07.320, 100 %, 37 %, 65341 MiB, 301.72 W
2026/09/21 04:08:08.322, 100 %, 39 %, 65341 MiB, 326.09 W
2026/09/21 04:08:09.324, 100 %, 30 %, 65341 MiB, 297.41 W
2026/09/21 04:08:10.325, 100 %, 38 %, 65341 MiB, 312.16 W
2026/09/21 04:08:11.327, 100 %, 44 %, 65341 MiB, 229.43 W
2026/09/21 04:08:12.329, 100 %, 31 %, 65341 MiB, 336.93 W
2026/09/21 04:08:13.331, 100 %, 43 %, 65341 MiB, 288.15 W
2026/09/21 04:08:14.344, 83 %, 44 %, 65341 MiB, 106.90 W
2026/09/21 04:08:15.345, 100 %, 38 %, 65341 MiB, 291.55 W
2026/09/21 04:08:16.346, 100 %, 39 %, 65341 MiB, 255.03 W
2026/09/21 04:08:17.348, 100 %, 31 %, 65341 MiB, 333.89 W
2026/09/21 04:08:18.349, 100 %, 44 %, 65341 MiB, 295.39 W
2026/09/21 04:08:19.350, 100 %, 38 %, 65341 MiB, 305.03 W
2026/09/21 04:08:20.351, 100 %, 38 %, 65341 MiB, 309.74 W
2026/09/21 04:08:21.430, 100 %, 39 %, 65341 MiB, 326.95 W
2026/09/21 04:08:22.431, 100 %, 30 %, 65341 MiB, 281.77 W
2026/09/21 04:08:23.432, 100 %, 36 %, 65341 MiB, 291.86 W
2026/09/21 04:08:24.433, 100 %, 40 %, 65341 MiB, 290.49 W
2026/09/21 04:08:25.434, 0 %, 0 %, 65341 MiB, 106.65 W
2026/09/21 04:08:26.435, 100 %, 37 %, 65341 MiB, 282.84 W
2026/09/21 04:08:27.436, 100 %, 40 %, 65341 MiB, 273.55 W
2026/09/21 04:08:28.466, 100 %, 30 %, 65341 MiB, 327.07 W
2026/09/21 04:08:29.467, 100 %, 37 %, 65341 MiB, 301.20 W
2026/09/21 04:08:30.468, 100 %, 35 %, 65341 MiB, 309.56 W
2026/09/21 04:08:31.470, 100 %, 39 %, 65341 MiB, 336.30 W
2026/09/21 04:08:32.677, 100 %, 38 %, 65341 MiB, 263.47 W
2026/09/21 04:08:33.678, 100 %, 31 %, 65341 MiB, 327.34 W
2026/09/21 04:08:34.678, 100 %, 37 %, 65341 MiB, 287.09 W
2026/09/21 04:08:35.680, 100 %, 43 %, 65341 MiB, 318.05 W
2026/09/21 04:08:36.884, 0 %, 0 %, 65341 MiB, 106.31 W
2026/09/21 04:08:37.885, 100 %, 43 %, 65341 MiB, 302.73 W
2026/09/21 04:08:38.886, 100 %, 38 %, 65341 MiB, 325.36 W
2026/09/21 04:08:39.887, 100 %, 38 %, 65341 MiB, 245.88 W
2026/09/21 04:08:41.088, 100 %, 37 %, 65341 MiB, 318.22 W
2026/09/21 04:08:42.089, 100 %, 36 %, 65341 MiB, 323.62 W
2026/09/21 04:08:43.089, 100 %, 30 %, 65341 MiB, 304.77 W
2026/09/21 04:08:44.090, 100 %, 30 %, 65341 MiB, 322.16 W
2026/09/21 04:08:45.302, 100 %, 37 %, 65341 MiB, 275.77 W
2026/09/21 04:08:46.303, 100 %, 41 %, 65341 MiB, 305.91 W
2026/09/21 04:08:47.304, 100 %, 30 %, 65341 MiB, 217.08 W
2026/09/21 04:08:48.305, 100 %, 36 %, 65341 MiB, 285.26 W
2026/09/21 04:08:49.508, 100 %, 39 %, 65341 MiB, 294.14 W
2026/09/21 04:08:50.509, 100 %, 41 %, 65341 MiB, 326.48 W
2026/09/21 04:08:51.510, 100 %, 30 %, 65341 MiB, 242.66 W
2026/09/21 04:08:52.510, 100 %, 35 %, 65341 MiB, 299.35 W
2026/09/21 04:08:53.724, 100 %, 41 %, 65341 MiB, 313.61 W
2026/09/21 04:08:54.726, 100 %, 30 %, 65341 MiB, 256.09 W
2026/09/21 04:08:55.727, 100 %, 43 %, 65341 MiB, 322.55 W
2026/09/21 04:08:56.728, 100 %, 40 %, 65341 MiB, 314.07 W
2026/09/21 04:08:57.946, 98 %, 38 %, 65341 MiB, 256.59 W
2026/09/21 04:08:58.950, 0 %, 0 %, 65341 MiB, 106.69 W
2026/09/21 04:08:59.951, 53 %, 23 %, 65341 MiB, 331.31 W
2026/09/21 04:09:00.952, 100 %, 35 %, 65341 MiB, 287.48 W
2026/09/21 04:09:01.954, 100 %, 36 %, 65341 MiB, 308.73 W
2026/09/21 04:09:02.954, 100 %, 28 %, 65341 MiB, 290.28 W
2026/09/21 04:09:03.955, 100 %, 39 %, 65341 MiB, 310.94 W
2026/09/21 04:09:04.956, 100 %, 43 %, 65341 MiB, 242.86 W
2026/09/21 04:09:05.957, 100 %, 30 %, 65341 MiB, 319.11 W
2026/09/21 04:09:06.958, 100 %, 43 %, 65341 MiB, 282.16 W
2026/09/21 04:09:07.959, 100 %, 40 %, 65341 MiB, 265.87 W
2026/09/21 04:09:09.157, 100 %, 37 %, 65341 MiB, 321.11 W
2026/09/21 04:09:10.158, 67 %, 36 %, 65341 MiB, 107.28 W
2026/09/21 04:09:11.159, 100 %, 41 %, 65341 MiB, 271.90 W
2026/09/21 04:09:12.160, 100 %, 37 %, 65341 MiB, 269.94 W
2026/09/21 04:09:13.219, 100 %, 42 %, 65341 MiB, 324.29 W
2026/09/21 04:09:14.222, 100 %, 43 %, 65341 MiB, 288.55 W
2026/09/21 04:09:15.223, 100 %, 37 %, 65341 MiB, 311.67 W
2026/09/21 04:09:16.224, 100 %, 31 %, 65341 MiB, 254.04 W
2026/09/21 04:09:17.225, 100 %, 39 %, 65341 MiB, 291.07 W
2026/09/21 04:09:18.227, 100 %, 36 %, 65341 MiB, 310.09 W
2026/09/21 04:09:19.401, 100 %, 40 %, 65341 MiB, 280.62 W
2026/09/21 04:09:20.402, 100 %, 43 %, 65341 MiB, 247.46 W
2026/09/21 04:09:21.403, 0 %, 0 %, 65341 MiB, 106.58 W
2026/09/21 04:09:22.407, 100 %, 38 %, 65341 MiB, 300.22 W
2026/09/21 04:09:23.408, 100 %, 34 %, 65341 MiB, 291.63 W
2026/09/21 04:09:24.408, 100 %, 29 %, 65341 MiB, 274.61 W
2026/09/21 04:09:25.579, 100 %, 39 %, 65341 MiB, 321.31 W
2026/09/21 04:09:26.580, 100 %, 43 %, 65341 MiB, 239.11 W
2026/09/21 04:09:27.581, 100 %, 30 %, 65341 MiB, 347.55 W
2026/09/21 04:09:28.582, 100 %, 43 %, 65341 MiB, 320.66 W
2026/09/21 04:09:29.583, 100 %, 37 %, 65341 MiB, 280.42 W
2026/09/21 04:09:30.584, 100 %, 35 %, 65341 MiB, 311.70 W
2026/09/21 04:09:31.767, 100 %, 38 %, 65341 MiB, 301.86 W
2026/09/21 04:09:32.768, 96 %, 51 %, 65341 MiB, 262.02 W
2026/09/21 04:09:33.769, 0 %, 0 %, 65341 MiB, 106.47 W
2026/09/21 04:09:34.770, 100 %, 43 %, 65341 MiB, 326.79 W
2026/09/21 04:09:35.770, 100 %, 29 %, 65341 MiB, 278.76 W
2026/09/21 04:09:36.771, 100 %, 39 %, 65341 MiB, 295.89 W
2026/09/21 04:09:37.773, 100 %, 37 %, 65341 MiB, 269.18 W
2026/09/21 04:09:38.775, 100 %, 41 %, 65341 MiB, 318.65 W
2026/09/21 04:09:39.776, 100 %, 42 %, 65341 MiB, 265.30 W
2026/09/21 04:09:40.777, 100 %, 29 %, 65341 MiB, 325.35 W
2026/09/21 04:09:41.778, 100 %, 38 %, 65341 MiB, 300.81 W
2026/09/21 04:09:42.779, 100 %, 39 %, 65341 MiB, 284.10 W
2026/09/21 04:09:43.780, 100 %, 29 %, 65341 MiB, 269.74 W
2026/09/21 04:09:44.781, 6 %, 3 %, 65341 MiB, 106.64 W
2026/09/21 04:09:45.782, 100 %, 42 %, 65341 MiB, 327.49 W
2026/09/21 04:09:46.783, 100 %, 30 %, 65341 MiB, 313.93 W
2026/09/21 04:09:47.784, 100 %, 41 %, 65341 MiB, 302.06 W
2026/09/21 04:09:48.785, 100 %, 39 %, 65341 MiB, 303.17 W
2026/09/21 04:09:49.786, 100 %, 31 %, 65341 MiB, 249.72 W
2026/09/21 04:09:50.787, 100 %, 40 %, 65341 MiB, 254.51 W
2026/09/21 04:09:51.788, 100 %, 35 %, 65341 MiB, 320.83 W
2026/09/21 04:09:52.789, 100 %, 41 %, 65341 MiB, 292.89 W
2026/09/21 04:09:53.790, 100 %, 43 %, 65341 MiB, 313.35 W
2026/09/21 04:09:54.791, 100 %, 38 %, 65341 MiB, 265.87 W
2026/09/21 04:09:55.792, 95 %, 50 %, 65341 MiB, 108.44 W
2026/09/21 04:09:56.793, 84 %, 34 %, 65341 MiB, 319.09 W
2026/09/21 04:09:57.827, 100 %, 31 %, 65341 MiB, 243.62 W
2026/09/21 04:09:58.828, 100 %, 44 %, 65341 MiB, 261.79 W
2026/09/21 04:09:59.829, 100 %, 39 %, 65341 MiB, 332.64 W
2026/09/21 04:10:00.831, 100 %, 37 %, 65341 MiB, 297.92 W
2026/09/21 04:10:01.832, 100 %, 37 %, 65341 MiB, 321.32 W
2026/09/21 04:10:02.834, 100 %, 31 %, 65341 MiB, 257.31 W
2026/09/21 04:10:03.835, 100 %, 39 %, 65341 MiB, 325.77 W
2026/09/21 04:10:04.836, 100 %, 43 %, 65341 MiB, 263.97 W
2026/09/21 04:10:05.837, 100 %, 30 %, 65341 MiB, 325.27 W
2026/09/21 04:10:06.838, 98 %, 52 %, 65341 MiB, 106.90 W
2026/09/21 04:10:07.839, 100 %, 38 %, 65341 MiB, 276.76 W
2026/09/21 04:10:08.840, 100 %, 36 %, 65341 MiB, 310.73 W
2026/09/21 04:10:09.841, 100 %, 40 %, 65341 MiB, 278.58 W
2026/09/21 04:10:10.842, 100 %, 43 %, 65341 MiB, 306.32 W
2026/09/21 04:10:11.844, 100 %, 30 %, 65341 MiB, 276.56 W
2026/09/21 04:10:12.845, 100 %, 31 %, 65341 MiB, 319.86 W
2026/09/21 04:10:13.995, 100 %, 40 %, 65341 MiB, 319.29 W
2026/09/21 04:10:14.999, 100 %, 31 %, 65341 MiB, 292.98 W
2026/09/21 04:10:16.000, 100 %, 39 %, 65341 MiB, 309.37 W
2026/09/21 04:10:17.001, 100 %, 35 %, 65341 MiB, 289.22 W
2026/09/21 04:10:18.002, 97 %, 51 %, 65341 MiB, 253.68 W
2026/09/21 04:10:19.003, 97 %, 51 %, 65341 MiB, 106.65 W
2026/09/21 04:10:20.178, 100 %, 43 %, 65341 MiB, 294.73 W
2026/09/21 04:10:21.179, 100 %, 37 %, 65341 MiB, 313.03 W
2026/09/21 04:10:22.180, 100 %, 35 %, 65341 MiB, 253.06 W
2026/09/21 04:10:23.180, 100 %, 39 %, 65341 MiB, 284.28 W
2026/09/21 04:10:24.181, 100 %, 35 %, 65341 MiB, 260.16 W
2026/09/21 04:10:25.182, 100 %, 40 %, 65341 MiB, 323.24 W
2026/09/21 04:10:26.183, 100 %, 43 %, 65341 MiB, 321.42 W
2026/09/21 04:10:27.184, 100 %, 30 %, 65341 MiB, 307.36 W
2026/09/21 04:10:28.185, 100 %, 41 %, 65341 MiB, 291.36 W
2026/09/21 04:10:29.185, 100 %, 40 %, 65341 MiB, 230.23 W
2026/09/21 04:10:30.186, 0 %, 0 %, 65341 MiB, 106.38 W
2026/09/21 04:10:31.187, 100 %, 41 %, 65341 MiB, 295.50 W
2026/09/21 04:10:32.188, 100 %, 42 %, 65341 MiB, 316.61 W
2026/09/21 04:10:33.190, 100 %, 30 %, 65341 MiB, 235.41 W
2026/09/21 04:10:34.190, 100 %, 45 %, 65341 MiB, 288.53 W
2026/09/21 04:10:35.191, 100 %, 38 %, 65341 MiB, 297.39 W
2026/09/21 04:10:36.314, 100 %, 30 %, 65341 MiB, 317.83 W
2026/09/21 04:10:37.317, 100 %, 42 %, 65341 MiB, 266.94 W
2026/09/21 04:10:38.326, 100 %, 38 %, 65341 MiB, 332.28 W
2026/09/21 04:10:39.327, 100 %, 39 %, 65341 MiB, 305.52 W
2026/09/21 04:10:40.328, 100 %, 40 %, 65341 MiB, 288.92 W
2026/09/21 04:10:41.329, 0 %, 0 %, 65341 MiB, 106.11 W
2026/09/21 04:10:42.330, 100 %, 37 %, 65341 MiB, 247.00 W
2026/09/21 04:10:43.331, 100 %, 32 %, 65341 MiB, 347.56 W
2026/09/21 04:10:44.332, 100 %, 30 %, 65341 MiB, 264.63 W
2026/09/21 04:10:45.511, 100 %, 37 %, 65341 MiB, 300.89 W
2026/09/21 04:10:46.515, 100 %, 39 %, 65341 MiB, 293.94 W
2026/09/21 04:10:47.517, 100 %, 31 %, 65341 MiB, 302.83 W
2026/09/21 04:10:48.521, 100 %, 42 %, 65341 MiB, 318.31 W
2026/09/21 04:10:49.551, 100 %, 38 %, 65341 MiB, 259.64 W
2026/09/21 04:10:50.552, 100 %, 38 %, 65341 MiB, 278.50 W
2026/09/21 04:10:51.553, 100 %, 38 %, 65341 MiB, 252.61 W
2026/09/21 04:10:52.554, 97 %, 51 %, 65341 MiB, 247.91 W
2026/09/21 04:10:53.627, 0 %, 0 %, 65341 MiB, 106.02 W
2026/09/21 04:10:54.628, 100 %, 43 %, 65341 MiB, 299.66 W
2026/09/21 04:10:55.629, 100 %, 31 %, 65341 MiB, 268.87 W
2026/09/21 04:10:56.630, 100 %, 40 %, 65341 MiB, 307.17 W
2026/09/21 04:10:57.630, 100 %, 37 %, 65341 MiB, 249.56 W
2026/09/21 04:10:58.631, 100 %, 39 %, 65341 MiB, 319.60 W
2026/09/21 04:10:59.632, 100 %, 42 %, 65341 MiB, 320.37 W
2026/09/21 04:11:00.687, 100 %, 30 %, 65341 MiB, 292.40 W
2026/09/21 04:11:01.691, 100 %, 35 %, 65341 MiB, 309.67 W
2026/09/21 04:11:02.692, 100 %, 41 %, 65341 MiB, 243.06 W
2026/09/21 04:11:03.693, 100 %, 31 %, 65341 MiB, 319.81 W
2026/09/21 04:11:04.694, 0 %, 0 %, 65341 MiB, 106.09 W
2026/09/21 04:11:05.695, 100 %, 37 %, 65341 MiB, 272.28 W
2026/09/21 04:11:06.696, 100 %, 37 %, 65341 MiB, 314.00 W
2026/09/21 04:11:07.697, 100 %, 39 %, 65341 MiB, 297.23 W
2026/09/21 04:11:08.697, 100 %, 43 %, 65341 MiB, 317.10 W
2026/09/21 04:11:09.699, 100 %, 29 %, 65341 MiB, 247.26 W
2026/09/21 04:11:10.700, 100 %, 29 %, 65341 MiB, 320.36 W
2026/09/21 04:11:11.917, 100 %, 42 %, 65341 MiB, 298.87 W
2026/09/21 04:11:12.918, 100 %, 29 %, 65341 MiB, 301.10 W
2026/09/21 04:11:13.920, 100 %, 44 %, 65341 MiB, 268.30 W
2026/09/21 04:11:14.921, 100 %, 36 %, 65341 MiB, 170.21 W
2026/09/21 04:11:16.136, 0 %, 0 %, 65341 MiB, 105.99 W
2026/09/21 04:11:17.138, 100 %, 39 %, 65341 MiB, 293.49 W
2026/09/21 04:11:18.138, 100 %, 29 %, 65341 MiB, 273.62 W
2026/09/21 04:11:19.139, 100 %, 38 %, 65341 MiB, 260.35 W
2026/09/21 04:11:20.140, 100 %, 39 %, 65341 MiB, 315.94 W
2026/09/21 04:11:21.141, 100 %, 30 %, 65341 MiB, 308.43 W
2026/09/21 04:11:22.142, 100 %, 43 %, 65341 MiB, 328.82 W
2026/09/21 04:11:23.143, 100 %, 37 %, 65341 MiB, 285.75 W
2026/09/21 04:11:24.144, 100 %, 36 %, 65341 MiB, 310.07 W
2026/09/21 04:11:25.145, 100 %, 38 %, 65341 MiB, 296.94 W
2026/09/21 04:11:26.146, 100 %, 28 %, 65341 MiB, 261.80 W
2026/09/21 04:11:27.238, 97 %, 52 %, 65341 MiB, 247.34 W
2026/09/21 04:11:28.239, 96 %, 51 %, 65341 MiB, 107.95 W
2026/09/21 04:11:29.240, 100 %, 38 %, 65341 MiB, 277.26 W
2026/09/21 04:11:30.241, 100 %, 43 %, 65341 MiB, 318.13 W
2026/09/21 04:11:31.501, 100 %, 36 %, 65341 MiB, 243.75 W
2026/09/21 04:11:32.503, 100 %, 35 %, 65341 MiB, 347.97 W
2026/09/21 04:11:33.504, 100 %, 38 %, 65341 MiB, 262.30 W
2026/09/21 04:11:34.510, 100 %, 37 %, 65341 MiB, 326.94 W
2026/09/21 04:11:35.780, 100 %, 29 %, 65341 MiB, 233.39 W
2026/09/21 04:11:36.782, 100 %, 40 %, 65341 MiB, 344.35 W
2026/09/21 04:11:37.783, 100 %, 43 %, 65341 MiB, 322.27 W
2026/09/21 04:11:38.784, 100 %, 30 %, 65341 MiB, 243.82 W
2026/09/21 04:11:39.878, 93 %, 40 %, 65341 MiB, 300.51 W
2026/09/21 04:11:40.879, 100 %, 30 %, 65341 MiB, 313.71 W
2026/09/21 04:11:41.880, 100 %, 43 %, 65341 MiB, 296.57 W
2026/09/21 04:11:42.881, 100 %, 37 %, 65341 MiB, 297.75 W
2026/09/21 04:11:43.882, 100 %, 35 %, 65341 MiB, 260.54 W
2026/09/21 04:11:44.883, 100 %, 40 %, 65341 MiB, 267.55 W
2026/09/21 04:11:45.884, 100 %, 35 %, 65341 MiB, 307.16 W
2026/09/21 04:11:46.890, 100 %, 39 %, 65341 MiB, 285.46 W
2026/09/21 04:11:47.891, 100 %, 43 %, 65341 MiB, 308.52 W
2026/09/21 04:11:48.892, 100 %, 31 %, 65341 MiB, 278.21 W
2026/09/21 04:11:49.893, 97 %, 52 %, 65341 MiB, 251.41 W
2026/09/21 04:11:50.894, 100 %, 37 %, 65341 MiB, 292.70 W
2026/09/21 04:11:51.895, 100 %, 31 %, 65341 MiB, 301.27 W
2026/09/21 04:11:52.896, 100 %, 35 %, 65341 MiB, 239.93 W
2026/09/21 04:11:53.898, 100 %, 41 %, 65341 MiB, 339.18 W
2026/09/21 04:11:54.899, 100 %, 42 %, 65341 MiB, 328.51 W
2026/09/21 04:11:55.900, 100 %, 38 %, 65341 MiB, 329.73 W
2026/09/21 04:11:56.901, 100 %, 38 %, 65341 MiB, 286.80 W
2026/09/21 04:11:57.994, 100 %, 36 %, 65341 MiB, 299.41 W
2026/09/21 04:11:58.997, 100 %, 39 %, 65341 MiB, 299.84 W
2026/09/21 04:11:59.998, 100 %, 31 %, 65341 MiB, 304.30 W
2026/09/21 04:12:00.999, 0 %, 0 %, 65341 MiB, 106.38 W
2026/09/21 04:12:02.000, 100 %, 44 %, 65341 MiB, 297.85 W
2026/09/21 04:12:03.001, 100 %, 39 %, 65341 MiB, 234.53 W
2026/09/21 04:12:04.002, 100 %, 33 %, 65341 MiB, 268.60 W
2026/09/21 04:12:05.119, 100 %, 39 %, 65341 MiB, 266.86 W
2026/09/21 04:12:06.126, 100 %, 36 %, 65341 MiB, 314.78 W
2026/09/21 04:12:07.127, 100 %, 40 %, 65341 MiB, 292.21 W
2026/09/21 04:12:08.128, 100 %, 30 %, 65341 MiB, 317.46 W
2026/09/21 04:12:09.401, 100 %, 37 %, 65341 MiB, 329.88 W
2026/09/21 04:12:10.402, 100 %, 40 %, 65341 MiB, 315.92 W
2026/09/21 04:12:11.403, 100 %, 30 %, 65341 MiB, 298.67 W
2026/09/21 04:12:12.404, 0 %, 0 %, 65341 MiB, 105.95 W
2026/09/21 04:12:13.444, 53 %, 23 %, 65341 MiB, 320.12 W
2026/09/21 04:12:14.445, 100 %, 36 %, 65341 MiB, 246.60 W
2026/09/21 04:12:15.446, 100 %, 36 %, 65341 MiB, 292.40 W
2026/09/21 04:12:16.447, 100 %, 39 %, 65341 MiB, 290.19 W
2026/09/21 04:12:17.649, 100 %, 31 %, 65341 MiB, 288.65 W
2026/09/21 04:12:18.652, 100 %, 38 %, 65341 MiB, 251.36 W
2026/09/21 04:12:19.653, 100 %, 40 %, 65341 MiB, 314.88 W
2026/09/21 04:12:20.654, 100 %, 31 %, 65341 MiB, 298.38 W
2026/09/21 04:12:21.655, 100 %, 43 %, 65341 MiB, 318.04 W
2026/09/21 04:12:22.656, 100 %, 38 %, 65341 MiB, 286.53 W
2026/09/21 04:12:23.657, 0 %, 0 %, 65341 MiB, 106.11 W
2026/09/21 04:12:24.699, 77 %, 31 %, 65341 MiB, 245.40 W
2026/09/21 04:12:25.700, 100 %, 30 %, 65341 MiB, 309.65 W
2026/09/21 04:12:26.701, 100 %, 39 %, 65341 MiB, 329.06 W
2026/09/21 04:12:27.702, 100 %, 37 %, 65341 MiB, 312.58 W
2026/09/21 04:12:28.703, 100 %, 41 %, 65341 MiB, 299.44 W
2026/09/21 04:12:29.704, 100 %, 42 %, 65341 MiB, 293.28 W
2026/09/21 04:12:30.705, 100 %, 43 %, 65341 MiB, 276.27 W
2026/09/21 04:12:31.822, 100 %, 30 %, 65341 MiB, 329.57 W
2026/09/21 04:12:32.823, 100 %, 43 %, 65341 MiB, 238.33 W
2026/09/21 04:12:33.824, 100 %, 30 %, 65341 MiB, 335.04 W
2026/09/21 04:12:34.824, 6 %, 3 %, 65341 MiB, 106.31 W
2026/09/21 04:12:35.826, 100 %, 36 %, 65341 MiB, 291.07 W
2026/09/21 04:12:36.827, 100 %, 27 %, 65341 MiB, 346.49 W
2026/09/21 04:12:37.828, 100 %, 38 %, 65341 MiB, 333.13 W
2026/09/21 04:12:38.935, 100 %, 44 %, 65341 MiB, 290.08 W
2026/09/21 04:12:39.942, 100 %, 30 %, 65341 MiB, 318.99 W
2026/09/21 04:12:40.943, 100 %, 31 %, 65341 MiB, 307.08 W
2026/09/21 04:12:42.071, 100 %, 39 %, 65341 MiB, 340.04 W
2026/09/21 04:12:43.072, 100 %, 35 %, 65341 MiB, 292.23 W
2026/09/21 04:12:44.073, 100 %, 40 %, 65341 MiB, 285.44 W
2026/09/21 04:12:45.074, 100 %, 41 %, 65341 MiB, 272.47 W
2026/09/21 04:12:46.075, 0 %, 0 %, 65341 MiB, 106.45 W
2026/09/21 04:12:47.076, 100 %, 37 %, 65341 MiB, 325.94 W
2026/09/21 04:12:48.077, 100 %, 31 %, 65341 MiB, 306.59 W
2026/09/21 04:12:49.078, 100 %, 37 %, 65341 MiB, 338.89 W
2026/09/21 04:12:50.079, 100 %, 40 %, 65341 MiB, 301.91 W
2026/09/21 04:12:51.080, 100 %, 31 %, 65341 MiB, 293.14 W
2026/09/21 04:12:52.081, 100 %, 43 %, 65341 MiB, 290.19 W
2026/09/21 04:12:53.082, 100 %, 31 %, 65341 MiB, 314.12 W
2026/09/21 04:12:54.084, 100 %, 38 %, 65341 MiB, 231.41 W
2026/09/21 04:12:55.084, 100 %, 37 %, 65341 MiB, 307.17 W
2026/09/21 04:12:56.085, 100 %, 40 %, 65341 MiB, 302.16 W
2026/09/21 04:12:57.086, 57 %, 29 %, 65341 MiB, 105.40 W
2026/09/21 04:12:58.087, 76 %, 30 %, 65341 MiB, 337.56 W
2026/09/21 04:12:59.088, 100 %, 31 %, 65341 MiB, 326.73 W
2026/09/21 04:13:00.185, 100 %, 39 %, 65341 MiB, 271.88 W
2026/09/21 04:13:01.185, 100 %, 37 %, 65341 MiB, 324.71 W
2026/09/21 04:13:02.186, 100 %, 40 %, 65341 MiB, 283.23 W
2026/09/21 04:13:03.187, 100 %, 42 %, 65341 MiB, 310.93 W
2026/09/21 04:13:04.188, 100 %, 31 %, 65341 MiB, 265.19 W
2026/09/21 04:13:05.189, 100 %, 29 %, 65341 MiB, 241.58 W
2026/09/21 04:13:06.369, 100 %, 45 %, 65341 MiB, 285.83 W
2026/09/21 04:13:07.370, 100 %, 36 %, 65341 MiB, 262.88 W
2026/09/21 04:13:08.371, 0 %, 0 %, 65341 MiB, 106.75 W
2026/09/21 04:13:09.372, 100 %, 43 %, 65341 MiB, 278.08 W
2026/09/21 04:13:10.373, 100 %, 36 %, 65341 MiB, 243.83 W
2026/09/21 04:13:11.374, 100 %, 36 %, 65341 MiB, 329.20 W
2026/09/21 04:13:12.375, 100 %, 39 %, 65341 MiB, 296.87 W
2026/09/21 04:13:13.376, 100 %, 35 %, 65341 MiB, 311.03 W
2026/09/21 04:13:14.377, 100 %, 40 %, 65341 MiB, 296.16 W
2026/09/21 04:13:15.378, 100 %, 30 %, 65341 MiB, 251.69 W
2026/09/21 04:13:16.379, 100 %, 37 %, 65341 MiB, 335.10 W
2026/09/21 04:13:17.380, 100 %, 42 %, 65341 MiB, 266.35 W
2026/09/21 04:13:18.382, 100 %, 29 %, 65341 MiB, 297.55 W
2026/09/21 04:13:19.382, 0 %, 0 %, 65341 MiB, 106.38 W
